{"generatedAt":"2026-04-06T22:05:02.147Z","settings":{"rho":-0.13,"marketTrust":50,"halfLife":60},"predictions":{"Inter Turku vs VPS":{"score":"1-0","home":0.5427333700605041,"draw":0.2732189608915628,"away":0.18235298010247833},"HJK vs SJK":{"score":"1-0","home":0.5092158297017575,"draw":0.27272224212507373,"away":0.21624298189101454},"Ilves vs KuPS":{"score":"1-2","home":0.3030969562599137,"draw":0.28491228276383385,"away":0.41077093604330756},"FF Jaro vs FC Lahti":{"score":"2-1","home":0.3603661711967695,"draw":0.2973749075861631,"away":0.34147345507045584},"IFK Mariehamn vs TPS":{"score":"2-1","home":0.40447268748954185,"draw":0.29225751876153105,"away":0.3023165738942209},"IF Gnistan vs AC Oulu":{"score":"2-1","home":0.3670164904509889,"draw":0.27886785189693253,"away":0.3526439771510581},"TPS vs FC Lahti":{"score":"1-2","home":0.29910481911244424,"draw":0.27192956304628846,"away":0.4289656178412673},"SJK vs IFK Mariehamn":{"score":"2-1","home":0.5477848079568549,"draw":0.24566394979059303,"away":0.20655124225255206},"VPS vs FF Jaro":{"score":"2-1","home":0.4765125317678383,"draw":0.2606463245733254,"away":0.26284114365883626},"KuPS vs IF Gnistan":{"score":"2-0","home":0.6960932517286289,"draw":0.18688403467127374,"away":0.11702271360009733},"HJK vs AC Oulu":{"score":"2-1","home":0.5764486673223195,"draw":0.22464911062990142,"away":0.19890222204777908},"Inter Turku vs Ilves":{"score":"1-0","home":0.4472447000641941,"draw":0.2856027677358513,"away":0.26715253219995455},"IF Gnistan vs HJK":{"score":"1-2","home":0.3496787588109767,"draw":0.2713069276560788,"away":0.37710937438998743},"FF Jaro vs KuPS":{"score":"1-2","home":0.24274819425198013,"draw":0.26954989717325417,"away":0.4856558110674527},"AC Oulu vs VPS":{"score":"2-1","home":0.48464948384664086,"draw":0.26904239572814526,"away":0.24422753749445955},"FC Lahti vs Inter Turku":{"score":"2-1","home":0.3896840865540149,"draw":0.2804043249356007,"away":0.32850766496820305},"TPS vs SJK":{"score":"2-1","home":0.4802969453557991,"draw":0.2704820050593664,"away":0.2472315065892672},"IFK Mariehamn vs Ilves":{"score":"2-1","home":0.37885067181586923,"draw":0.27929438698493375,"away":0.3404018261647781},"KuPS vs AC Oulu":{"score":"2-0","home":0.5911597068468837,"draw":0.2365465855804458,"away":0.16757302814868874},"TPS vs IF Gnistan":{"score":"2-1","home":0.49755148450741504,"draw":0.2618731182111813,"away":0.2379752618078399},"VPS vs Ilves":{"score":"1-2","home":0.3563738932244067,"draw":0.2768211143256449,"away":0.3652274064702444},"SJK vs FF Jaro":{"score":"2-1","home":0.43351831974484767,"draw":0.27296038987382965,"away":0.29169211826477737},"FC Lahti vs AC Oulu":{"score":"2-1","home":0.4610971040884681,"draw":0.26711176982437085,"away":0.2695656896989057},"Inter Turku vs IFK Mariehamn":{"score":"2-1","home":0.533080033444154,"draw":0.262409095265904,"away":0.20207124377679453},"KuPS vs HJK":{"score":"2-1","home":0.5708519007566638,"draw":0.24431551158014134,"away":0.180874734132588},"Inter Turku vs HJK":{"score":"2-1","home":0.4816750227878488,"draw":0.2702045604352451,"away":0.2461139109892824},"SJK vs Ilves":{"score":"2-1","home":0.3723558755424847,"draw":0.27419981337883625,"away":0.35171869857423976},"FF Jaro vs TPS":{"score":"2-1","home":0.3994609127635378,"draw":0.28146554250259254,"away":0.31771351603187287},"IFK Mariehamn vs VPS":{"score":"2-1","home":0.4624756357079036,"draw":0.27626077702740004,"away":0.2596093208981642},"AC Oulu vs KuPS":{"score":"1-2","home":0.2814216308198052,"draw":0.2665037309765792,"away":0.4498049415196726},"HJK vs FC Lahti":{"score":"2-1","home":0.4416005208139856,"draw":0.2764847655938639,"away":0.2802809572735679},"IF Gnistan vs Inter Turku":{"score":"1-2","home":0.31301597584942203,"draw":0.2717281001762573,"away":0.41336251874837243},"Ilves vs AC Oulu":{"score":"2-1","home":0.4655219654312676,"draw":0.2630397390068386,"away":0.2688975632571577},"TPS vs HJK":{"score":"2-1","home":0.40992143039137513,"draw":0.2756670387774319,"away":0.3127536051289783},"KuPS vs SJK":{"score":"2-0","home":0.6371186822769761,"draw":0.22414475842629547,"away":0.1331756076703434},"Inter Turku vs FF Jaro":{"score":"2-1","home":0.5375382142352035,"draw":0.2609268449884133,"away":0.19899937592825043},"VPS vs IF Gnistan":{"score":"2-1","home":0.4497517032129154,"draw":0.2681318836217497,"away":0.2799648975040248},"FC Lahti vs IFK Mariehamn":{"score":"2-1","home":0.4870056111334234,"draw":0.26884679682453655,"away":0.24205603437296302},"HJK vs Ilves":{"score":"2-1","home":0.4456935205124796,"draw":0.2705008564553261,"away":0.2818161749710397},"IFK Mariehamn vs KuPS":{"score":"1-2","home":0.2549870585163843,"draw":0.2686558835832338,"away":0.47424372481738153},"SJK vs Inter Turku":{"score":"1-2","home":0.3343256042959827,"draw":0.2757410350668112,"away":0.3882910423283621},"AC Oulu vs TPS":{"score":"2-1","home":0.44016272782453203,"draw":0.27044301160258855,"away":0.28740331584643747},"IF Gnistan vs FF Jaro":{"score":"2-1","home":0.41018722324338375,"draw":0.27244200289893966,"away":0.31552388112017976},"FC Lahti vs VPS":{"score":"2-1","home":0.5112714853865921,"draw":0.26696338826076704,"away":0.21958526923703273},"Ilves vs Inter Turku":{"score":"2-1","home":0.401300387852683,"draw":0.27561060009936506,"away":0.32143307013584604},"KuPS vs FF Jaro":{"score":"2-0","home":0.6208735410438658,"draw":0.23124112846324824,"away":0.1430393194046287},"VPS vs HJK":{"score":"1-2","home":0.360933450329662,"draw":0.2762993045889966,"away":0.36116153930580946},"Inter Turku vs TPS":{"score":"2-1","home":0.5091735820918727,"draw":0.2678160565242247,"away":0.22088412476057045},"FF Jaro vs IFK Mariehamn":{"score":"2-1","home":0.4246720815815817,"draw":0.27944854460487817,"away":0.29440753792034446},"Ilves vs IF Gnistan":{"score":"2-1","home":0.5294248039807227,"draw":0.25272495024520103,"away":0.2144982050704376},"KuPS vs FC Lahti":{"score":"2-0","home":0.5677247224002605,"draw":0.24976452575536964,"away":0.17916014890268941},"SJK vs AC Oulu":{"score":"2-1","home":0.4004598132565336,"draw":0.2689191106658171,"away":0.3285472664202039},"HJK vs IFK Mariehamn":{"score":"2-1","home":0.5008427421741029,"draw":0.2653297742855072,"away":0.23150704376255715},"IF Gnistan vs SJK":{"score":"2-1","home":0.42737555631348606,"draw":0.2710559383804201,"away":0.2996240094260519},"KuPS vs Inter Turku":{"score":"2-1","home":0.5340219207520869,"draw":0.25585129982532373,"away":0.20712163233366598},"TPS vs VPS":{"score":"2-1","home":0.48742383837963343,"draw":0.27210112006846826,"away":0.23859091788570025},"FC Lahti vs Ilves":{"score":"2-1","home":0.4289166123321344,"draw":0.2740398296423975,"away":0.2952811122957527},"AC Oulu vs FF Jaro":{"score":"2-1","home":0.4696748045543539,"draw":0.26610977390851376,"away":0.26191830323069765},"Inter Turku vs AC Oulu":{"score":"2-1","home":0.5101489407926548,"draw":0.26279235147106267,"away":0.2245645734483348},"Ilves vs TPS":{"score":"2-1","home":0.4724202693242703,"draw":0.26894453224077997,"away":0.2565407645006529},"FF Jaro vs HJK":{"score":"2-1","home":0.37157783182161674,"draw":0.2790090155407304,"away":0.3479477877366999},"VPS vs KuPS":{"score":"1-2","home":0.2350893901850537,"draw":0.26325425708143296,"away":0.4991725517635743},"FC Lahti vs SJK":{"score":"2-1","home":0.5056271389702028,"draw":0.26398275869208937,"away":0.22797785002297025},"IFK Mariehamn vs IF Gnistan":{"score":"2-1","home":0.47308531279878546,"draw":0.26604999984982863,"away":0.25856472807863995},"HJK vs Inter Turku":{"score":"2-1","home":0.404896363521373,"draw":0.2769531811544428,"away":0.3165653203821668},"Ilves vs FF Jaro":{"score":"2-1","home":0.5002483255836644,"draw":0.2635016312111822,"away":0.23378813018187444},"TPS vs KuPS":{"score":"1-2","home":0.2764903778569327,"draw":0.2722121127103879,"away":0.44941509408469443},"IF Gnistan vs FC Lahti":{"score":"1-2","home":0.3499109334872086,"draw":0.27635807144508623,"away":0.37212748379855165},"SJK vs VPS":{"score":"2-1","home":0.4544070269446147,