{"generatedAt":"2026-04-18T08:50:10.987Z","settings":{"rho":-0.13,"marketTrust":50,"halfLife":60,"formBoost":3},"predictions":{"Inter Turku vs VPS":{"score":"1-0","home":0.5090599622721889,"draw":0.314340692934007,"away":0.17609312078224845},"HJK vs SJK":{"score":"1-0","home":0.46441304424124463,"draw":0.3067942206452656,"away":0.22815947504954578},"Ilves vs KuPS":{"score":"0-1","home":0.23102908895441232,"draw":0.2873161166778897,"away":0.4804897336478547},"FF Jaro vs FC Lahti":{"score":"1-0","home":0.3522311125784502,"draw":0.3314517634067794,"away":0.31606576821885896},"IFK Mariehamn vs TPS":{"score":"1-0","home":0.34396955409585855,"draw":0.32604314412868735,"away":0.3296880513384855},"IF Gnistan vs AC Oulu":{"score":"1-2","home":0.24553680678698564,"draw":0.2792833526250888,"away":0.47367732320030487},"TPS vs FC Lahti":{"score":"1-0","home":0.43045246151578376,"draw":0.3152632391642211,"away":0.25381444364991185},"SJK vs IFK Mariehamn":{"score":"1-0","home":0.5508767561065415,"draw":0.27898915539442876,"away":0.16875075090044017},"VPS vs FF Jaro":{"score":"1-0","home":0.368779217761293,"draw":0.34788648186823345,"away":0.28318220248048975},"KuPS vs IF Gnistan":{"score":"1-0","home":0.5837969315124816,"draw":0.2876270952231863,"away":0.12764299634019224},"HJK vs AC Oulu":{"score":"1-0","home":0.3607398009015947,"draw":0.3196734727101862,"away":0.3192140625123793},"Inter Turku vs Ilves":{"score":"1-0","home":0.47524312076283004,"draw":0.3080644948862556,"away":0.2160793648664107},"IF Gnistan vs HJK":{"score":"0-1","home":0.21583983291305528,"draw":0.23584622371881567,"away":0.5483139433681291},"FF Jaro vs KuPS":{"score":"0-1","home":0.18401628137234716,"draw":0.24165848085924635,"away":0.5743252377684065},"AC Oulu vs VPS":{"score":"1-0","home":0.5414609623690599,"draw":0.26134843050801576,"away":0.1971906071229243},"FC Lahti vs Inter Turku":{"score":"0-1","home":0.25737932553422027,"draw":0.28848459528070153,"away":0.4541360791850782},"TPS vs SJK":{"score":"0-1","home":0.3198809445241428,"draw":0.25921418895679216,"away":0.42090486651906506},"IFK Mariehamn vs Ilves":{"score":"0-1","home":0.2227975208584925,"draw":0.24260322515216115,"away":0.5345992539893464},"KuPS vs AC Oulu":{"score":"1-0","home":0.5030556373792989,"draw":0.2988411928912146,"away":0.19729330391374947},"TPS vs IF Gnistan":{"score":"1-0","home":0.5003581172433103,"draw":0.29545009414052226,"away":0.2032917845036854},"VPS vs Ilves":{"score":"1-0","home":0.35609183540099587,"draw":0.32159747317287246,"away":0.3219620409384518},"SJK vs FF Jaro":{"score":"1-0","home":0.46774264622905587,"draw":0.3079880195327276,"away":0.2236573831445989},"FC Lahti vs AC Oulu":{"score":"1-0","home":0.36255865346233157,"draw":0.30499564372784266,"away":0.33183751820813084},"Inter Turku vs IFK Mariehamn":{"score":"1-0","home":0.573372624586098,"draw":0.27118710916494015,"away":0.15379572504200884},"KuPS vs HJK":{"score":"1-0","home":0.5454442431243054,"draw":0.2869980390938269,"away":0.1664655597402329},"Inter Turku vs HJK":{"score":"1-0","home":0.47925048866921477,"draw":0.3007056723465437,"away":0.21927540705871512},"SJK vs Ilves":{"score":"1-0","home":0.4704441636824678,"draw":0.2881257335955297,"away":0.24029537199644066},"FF Jaro vs TPS":{"score":"1-0","home":0.34391818847666333,"draw":0.31796525108210255,"away":0.33772469041040937},"IFK Mariehamn vs VPS":{"score":"1-0","home":0.40689442035124557,"draw":0.31996364054257426,"away":0.2727508463005443},"AC Oulu vs KuPS":{"score":"1-2","home":0.30271003229615834,"draw":0.29364969304628535,"away":0.40273096739717346},"HJK vs FC Lahti":{"score":"1-0","home":0.41200147020629835,"draw":0.30853817322647,"away":0.2788944035898598},"IF Gnistan vs Inter Turku":{"score":"0-1","home":0.23612409328111264,"draw":0.28121565770660817,"away":0.4812480586583912},"Ilves vs AC Oulu":{"score":"1-2","home":0.3336452391077864,"draw":0.2895924366794277,"away":0.375736871956844},"TPS vs HJK":{"score":"1-0","home":0.43371578776949615,"draw":0.30160014965057586,"away":0.26396026637180625},"KuPS vs SJK":{"score":"1-0","home":0.6070504650003473,"draw":0.2606114667130224,"away":0.1303673871484527},"Inter Turku vs FF Jaro":{"score":"1-0","home":0.5060797054432974,"draw":0.30355180919199265,"away":0.18966808278557867},"VPS vs IF Gnistan":{"score":"1-0","home":0.4116828993073692,"draw":0.3237853498351367,"away":0.26418178867730724},"FC Lahti vs IFK Mariehamn":{"score":"1-0","home":0.5027518222962173,"draw":0.28821653031720434,"away":0.20790760709249884},"HJK vs Ilves":{"score":"1-0","home":0.4158997783582577,"draw":0.3026304398380057,"away":0.2807826886144958},"IFK Mariehamn vs KuPS":{"score":"0-1","home":0.22108247932426356,"draw":0.28624626076725107,"away":0.491468954916819},"SJK vs Inter Turku":{"score":"1-0","home":0.37312436058710824,"draw":0.30985271515734697,"away":0.3165025925889266},"AC Oulu vs TPS":{"score":"1-0","home":0.4414303056315906,"draw":0.29778619912947585,"away":0.2599607142386512},"IF Gnistan vs FF Jaro":{"score":"0-1","home":0.33767749185353446,"draw":0.306463515758435,"away":0.3552813266592157},"FC Lahti vs VPS":{"score":"1-0","home":0.4467900874319429,"draw":0.31420298325474266,"away":0.23851062736229162},"Ilves vs Inter Turku":{"score":"0-1","home":0.31270827037877436,"draw":0.30265839563804037,"away":0.3839676689219796},"KuPS vs FF Jaro":{"score":"1-0","home":0.5695223819455192,"draw":0.28682174525389553,"away":0.14263870197170692},"VPS vs HJK":{"score":"1-0","home":0.35546720573873775,"draw":0.323825306592234,"away":0.32038372053226366},"Inter Turku vs TPS":{"score":"1-0","home":0.46994939056232393,"draw":0.30207158181105703,"away":0.22724454550119597},"FF Jaro vs IFK Mariehamn":{"score":"1-0","home":0.44840136961059485,"draw":0.30608096283850056,"away":0.24487919193629043},"Ilves vs IF Gnistan":{"score":"1-0","home":0.4540342662376897,"draw":0.300164609110961,"away":0.2450296886871167},"KuPS vs FC Lahti":{"score":"1-0","home":0.5516997099499936,"draw":0.28428746105575414,"away":0.1628441600120896},"SJK vs AC Oulu":{"score":"1-0","home":0.41551991493719337,"draw":0.2995769669175739,"away":0.2841452538622454},"HJK vs IFK Mariehamn":{"score":"1-0","home":0.5108992208103526,"draw":0.28516496200073377,"away":0.20270822520552517},"IF Gnistan vs SJK":{"score":"2-1","home":0.3781188005400917,"draw":0.29085809977772725,"away":0.33003953779340645},"KuPS vs Inter Turku":{"score":"1-0","home":0.47492320532684884,"draw":0.30620907173252176,"away":0.21821922222391654},"TPS vs VPS":{"score":"1-0","home":0.4785492246344336,"draw":0.30434999086086784,"away":0.21641360066776205},"FC Lahti vs Ilves":{"score":"1-0","home":0.40803601814463536,"draw":0.3035825979192178,"away":0.28772075213149073},"AC Oulu vs FF Jaro":{"score":"1-0","home":0.4689954711598485,"draw":0.3047170267216503,"away":0.22561069388918076},"Inter Turku vs AC Oulu":{"score":"1-0","home":0.44052818592771864,"draw":0.30119017290249905,"away":0.2575433874429782},"Ilves vs TPS":{"score":"1-0","home":0.37528182864458615,"draw":0.3009462584997911,"away":0.3230713001834222},"FF Jaro vs HJK":{"score":"1-0","home":0.3565074735706503,"draw":0.3173408652296549,"away":0.3257500276184063},"VPS vs KuPS":{"score":"0-1","home":0.21454748579285543,"draw":0.29905582714396395,"away":0.4855878110313434},"FC Lahti vs SJK":{"score":"1-0","home":0.46845095719666924,"draw":0.2952226583143191,"away":0.23541870820539315},"IFK Mariehamn vs IF Gnistan":{"score":"1-0","home":0.42435241886490416,"draw":0.3123666612273686,"away":0.2627711832231269},"HJK vs Inter Turku":{"score":"0-1","home":0.32899160164438945,"draw":0.3151766863603114,"away":0.3554002679907997},"Ilves vs FF Jaro":{"score":"1-0","home":0.41897173618262984,"draw":0.31021669429068294,"away":0.2702701395269266},"TPS vs KuPS":{"score":"0-1","home":0.2853227576159827,"draw":0.2926850048972109,"away":0.4210399796939779},"IF Gnistan vs FC Lahti":{"score":"1-2","home":0.30691081252722713,"draw":0.28949561388201683,"away":0.4025506976351853},"SJK vs VPS":{"score":"1-0",