{"generatedAt":"2026-04-12T08:30:10.290Z","settings":{"rho":-0.13,"marketTrust":50,"halfLife":60,"formBoost":3},"predictions":{"Inter Turku vs VPS":{"score":"1-0","home":0.5092800744263086,"draw":0.3149800148284117,"away":0.1752432252000992},"HJK vs SJK":{"score":"1-0","home":0.46825774026984684,"draw":0.3057779863325827,"away":0.2253093818592447},"Ilves vs KuPS":{"score":"0-1","home":0.22774385286963594,"draw":0.285108517670229,"away":0.48589970727313203},"FF Jaro vs FC Lahti":{"score":"1-0","home":0.35114357296967513,"draw":0.33191778271401795,"away":0.3166912960215729},"IFK Mariehamn vs TPS":{"score":"1-0","home":0.3439032734332644,"draw":0.3261817855902325,"away":0.3296170718115168},"IF Gnistan vs AC Oulu":{"score":"1-2","home":0.2397226015924617,"draw":0.27597657943538884,"away":0.4826332503832147},"TPS vs FC Lahti":{"score":"1-0","home":0.4314503236381565,"draw":0.3149744398994273,"away":0.2531004771738823},"SJK vs IFK Mariehamn":{"score":"1-0","home":0.5574422410427077,"draw":0.27622426404283573,"away":0.16485264206706338},"VPS vs FF Jaro":{"score":"1-0","home":0.3683124131681697,"draw":0.34904423739504303,"away":0.28249675590884316},"KuPS vs IF Gnistan":{"score":"1-0","home":0.5853518382805266,"draw":0.287498615208679,"away":0.1262197263699007},"HJK vs AC Oulu":{"score":"1-0","home":0.359746143946887,"draw":0.3196286227747281,"away":0.32025226388018735},"Inter Turku vs Ilves":{"score":"1-0","home":0.4766875134039377,"draw":0.3077382084915657,"away":0.21495479063491923},"IF Gnistan vs HJK":{"score":"0-1","home":0.2186555003510011,"draw":0.23208550235051395,"away":0.5492589972984849},"FF Jaro vs KuPS":{"score":"0-1","home":0.19167557257851547,"draw":0.24670314283814182,"away":0.5616212845833427},"AC Oulu vs VPS":{"score":"1-0","home":0.5409417465747284,"draw":0.25739077223930407,"away":0.20166748118596764},"FC Lahti vs Inter Turku":{"score":"0-1","home":0.32102636309276494,"draw":0.32760968091565834,"away":0.3510789698033611},"TPS vs SJK":{"score":"1-0","home":0.5059366163247274,"draw":0.29045975486740633,"away":0.20255766880528717},"IFK Mariehamn vs Ilves":{"score":"0-1","home":0.255196763187299,"draw":0.24647366511856522,"away":0.4983295716941357},"KuPS vs AC Oulu":{"score":"1-0","home":0.5025946526295326,"draw":0.29920665942253133,"away":0.19739758528008647},"TPS vs IF Gnistan":{"score":"1-0","home":0.5022959285489108,"draw":0.2951096870577334,"away":0.2016859396399732},"VPS vs Ilves":{"score":"1-0","home":0.35627949079095955,"draw":0.32217487894914615,"away":0.32120353918262895},"SJK vs FF Jaro":{"score":"1-0","home":0.46912039614557016,"draw":0.30823357456151534,"away":0.22203811266154183},"FC Lahti vs AC Oulu":{"score":"1-0","home":0.3604019308036369,"draw":0.30478853873339007,"away":0.3341975642579907},"Inter Turku vs IFK Mariehamn":{"score":"1-0","home":0.5765307686078905,"draw":0.2700921928776065,"away":0.1516950081334868},"KuPS vs HJK":{"score":"1-0","home":0.5457894805819591,"draw":0.28730282742293684,"away":0.16582678979844062},"Inter Turku vs HJK":{"score":"1-0","home":0.478915146378564,"draw":0.3010445150346644,"away":0.21927991546493777},"SJK vs Ilves":{"score":"1-0","home":0.4752355514436026,"draw":0.2866934943921286,"away":0.23688298688352652},"FF Jaro vs TPS":{"score":"1-0","home":0.3427734079755758,"draw":0.3184050279668002,"away":0.33843546611495817},"IFK Mariehamn vs VPS":{"score":"1-0","home":0.4066507404985672,"draw":0.32070339441796064,"away":0.2722639084197714},"AC Oulu vs KuPS":{"score":"1-2","home":0.30388936644598913,"draw":0.29312916226424307,"away":0.40205689351583923},"HJK vs FC Lahti":{"score":"1-0","home":0.41288319627594333,"draw":0.30856975191215175,"away":0.27798103850152245},"IF Gnistan vs Inter Turku":{"score":"0-1","home":0.23322034120903853,"draw":0.27972159788810136,"away":0.4855787702853379},"Ilves vs AC Oulu":{"score":"1-2","home":0.3288491656739816,"draw":0.28821748031716765,"away":0.38185693782568114},"TPS vs HJK":{"score":"1-0","home":0.43357348366001963,"draw":0.3015608457589774,"away":0.2641410788039418},"KuPS vs SJK":{"score":"1-0","home":0.6103816668644712,"draw":0.2593778741166411,"away":0.12822774559927785},"Inter Turku vs FF Jaro":{"score":"1-0","home":0.5063063730481738,"draw":0.30418945406647707,"away":0.18881725197776933},"VPS vs IF Gnistan":{"score":"1-0","home":0.41189149773608846,"draw":0.3246356945691728,"away":0.26313181128554214},"FC Lahti vs IFK Mariehamn":{"score":"1-0","home":0.5056284920653277,"draw":0.2874357975797283,"away":0.20578650631663642},"HJK vs Ilves":{"score":"1-0","home":0.4179837042665647,"draw":0.3022251845096611,"away":0.2790934322011273},"IFK Mariehamn vs KuPS":{"score":"0-1","home":0.21986977930374016,"draw":0.2855035386714514,"away":0.4933969925467914},"SJK vs Inter Turku":{"score":"1-0","home":0.37495022583040777,"draw":0.30988204141240555,"away":0.31464718289124877},"AC Oulu vs TPS":{"score":"1-0","home":0.44380260798677895,"draw":0.29722135573907676,"away":0.2581367155792231},"IF Gnistan vs FF Jaro":{"score":"0-1","home":0.33583578117344415,"draw":0.30657187976778577,"away":0.35701652552583},"FC Lahti vs VPS":{"score":"1-0","home":0.4466132432044785,"draw":0.314908816799946,"away":0.23799232442584306},"Ilves vs Inter Turku":{"score":"0-1","home":0.3106520260051819,"draw":0.3022234064624109,"away":0.38644795923706826},"KuPS vs FF Jaro":{"score":"1-0","home":0.570163390103393,"draw":0.28731157309188926,"away":0.14152581388864946},"VPS vs HJK":{"score":"1-0","home":0.3546845422561054,"draw":0.32460573483710137,"away":0.3203943481964186},"Inter Turku vs TPS":{"score":"1-0","home":0.47042369453382077,"draw":0.3022124408017995,"away":0.226632397807283},"FF Jaro vs IFK Mariehamn":{"score":"1-0","home":0.44927717817887497,"draw":0.3063248129950424,"away":0.24376379201095535},"Ilves vs IF Gnistan":{"score":"1-0","home":0.4540260023778419,"draw":0.30029048305712686,"away":0.2449151107946738},"KuPS vs FC Lahti":{"score":"1-0","home":0.5527721747277411,"draw":0.28429276809088794,"away":0.16177017911444388},"SJK vs AC Oulu":{"score":"1-0","home":0.4164876688360877,"draw":0.29937314986056063,"away":0.2833755729858112},"HJK vs IFK Mariehamn":{"score":"1-0","home":0.5148545296563796,"draw":0.2839595815263973,"away":0.1999166952009509},"IF Gnistan vs SJK":{"score":"2-1","home":0.3792745870461579,"draw":0.2902217234997784,"away":0.32949840853122736},"KuPS vs Inter Turku":{"score":"1-0","home":0.47534909112935836,"draw":0.3066266994926276,"away":0.2173837887877956},"TPS vs VPS":{"score":"1-0","home":0.4789699396889056,"draw":0.304771729627326,"away":0.21557985008018532},"FC Lahti vs Ilves":{"score":"1-0","home":0.4089950351009859,"draw":0.30334774405567516,"away":0.2869908619623996},"AC Oulu vs FF Jaro":{"score":"1-0","home":0.47011229895506484,"draw":0.304958731704986,"away":0.22425675216205898},"Inter Turku vs AC Oulu":{"score":"1-0","home":0.4391270314144103,"draw":0.30139171065580633,"away":0.2587486836109938},"Ilves vs TPS":{"score":"1-0","home":0.3736272150190933,"draw":0.3006246313419973,"away":0.325040606726987},"FF Jaro vs HJK":{"score":"1-0","home":0.3547588357519854,"draw":0.3177540564262417,"away":0.3270912827696218},"VPS vs KuPS":{"score":"0-1","home":0.21345081883438394,"draw":0.2992253499862629,"away":0.4865191741099397},"FC Lahti vs SJK":{"score":"1-0","home":0.47133315139088755,"draw":0.29456679036001704,"away":0.23317269675773813},"IFK Mariehamn vs IF Gnistan":{"score":"1-0","home":0.425215196347037,"draw":0.3126549260376901,"away":0.2616241091088101},"HJK vs Inter Turku":{"score":"0-1","home":0.3291042177712931,"draw":0.3154944967245397,"away":0.35497446503378105},"Ilves vs FF Jaro":{"score":"1-0","home":0.4178894628022386,"draw":0.3107461612810715,"away":0.27083271218455035},"TPS vs KuPS":{"score":"0-1","home":0.2849060926750994,"draw":0.291972623037529,"away":0.42214586184088065},"IF Gnistan vs FC Lahti":{"score":"1-2","home":0.30413500496098955,"draw":0.28837453103193394,"away":0.4064054855424398},"SJK vs VPS":{"score":"1-0","home":0.48972658824063703,