{"generatedAt":"2026-04-07T22:02:15.481Z","settings":{"rho":-0.13,"marketTrust":50,"halfLife":60},"predictions":{"Inter Turku vs VPS":{"score":"1-0","home":0.5427270252325629,"draw":0.27315917835275544,"away":0.18241587091930223},"HJK vs SJK":{"score":"1-0","home":0.5088399105987407,"draw":0.27282787805733366,"away":0.2165186547669787},"Ilves vs KuPS":{"score":"1-2","home":0.3033152341034604,"draw":0.28498590699873466,"away":0.41048220620793857},"FF Jaro vs FC Lahti":{"score":"2-1","home":0.3604815826838741,"draw":0.29732553463353545,"away":0.3414060887915963},"IFK Mariehamn vs TPS":{"score":"2-1","home":0.4044798084986746,"draw":0.2922369764224412,"away":0.3023293448165674},"IF Gnistan vs AC Oulu":{"score":"2-1","home":0.367575774310851,"draw":0.2790063606356271,"away":0.3519530252918403},"TPS vs FC Lahti":{"score":"1-2","home":0.2991155720520305,"draw":0.2719233344728284,"away":0.42896109347514105},"SJK vs IFK Mariehamn":{"score":"2-1","home":0.547798411954236,"draw":0.24566465608323212,"away":0.2065369319625319},"VPS vs FF Jaro":{"score":"2-1","home":0.47651594058319063,"draw":0.26064523325448424,"away":0.262838826162325},"KuPS vs IF Gnistan":{"score":"2-0","home":0.6960312983617674,"draw":0.18691616631257374,"away":0.11705253532565887},"HJK vs AC Oulu":{"score":"2-1","home":0.5764471272905586,"draw":0.22465442939075955,"away":0.19889844331868187},"Inter Turku vs Ilves":{"score":"1-0","home":0.4472325276908223,"draw":0.28560066205209855,"away":0.26716681025707917},"IF Gnistan vs HJK":{"score":"1-2","home":0.3500404404917045,"draw":0.2714112727754818,"away":0.37665018960715874},"FF Jaro vs KuPS":{"score":"1-2","home":0.24289598659017392,"draw":0.26957524295600077,"away":0.4854841899425472},"AC Oulu vs VPS":{"score":"2-1","home":0.48448198840870854,"draw":0.2690658733530834,"away":0.244372983481413},"FC Lahti vs Inter Turku":{"score":"2-1","home":0.3897063735515938,"draw":0.2803981199608413,"away":0.32849127908514003},"TPS vs SJK":{"score":"2-1","home":0.48012548649770403,"draw":0.27050610144751186,"away":0.2473803101828148},"IFK Mariehamn vs Ilves":{"score":"2-1","home":0.37873670964580386,"draw":0.27930636056686614,"away":0.3405044393184758},"KuPS vs AC Oulu":{"score":"2-0","home":0.5912881224050011,"draw":0.2365578344197049,"away":0.16743770078064904},"TPS vs IF Gnistan":{"score":"2-1","home":0.4973231265038057,"draw":0.26194797673161824,"away":0.23813455361176436},"VPS vs Ilves":{"score":"1-2","home":0.35624553083527394,"draw":0.27684100822033314,"away":0.3653369343615477},"SJK vs FF Jaro":{"score":"2-1","home":0.4336362301821685,"draw":0.27296754801425943,"away":0.29156741394241364},"FC Lahti vs AC Oulu":{"score":"2-1","home":0.46135419655159887,"draw":0.26711835100298503,"away":0.2693025170253994},"Inter Turku vs IFK Mariehamn":{"score":"2-1","home":0.5330765141947945,"draw":0.2623672728252073,"away":0.2021133043096676},"KuPS vs HJK":{"score":"2-1","home":0.5708330587090302,"draw":0.24435590913032837,"away":0.18085812505906357},"Inter Turku vs HJK":{"score":"2-1","home":0.48174832906795306,"draw":0.2701699013671712,"away":0.24607307612443363},"SJK vs Ilves":{"score":"2-1","home":0.37230881499303975,"draw":0.2742438823171717,"away":0.3517242820460628},"FF Jaro vs TPS":{"score":"2-1","home":0.3995305616122135,"draw":0.28142673952168923,"away":0.31768086266504986},"IFK Mariehamn vs VPS":{"score":"2-1","home":0.46248402826913537,"draw":0.27621307721623695,"away":0.2596460816503045},"AC Oulu vs KuPS":{"score":"1-2","home":0.28127901598295757,"draw":0.2665505410825464,"away":0.44990421983664947},"HJK vs FC Lahti":{"score":"2-1","home":0.44152248697284524,"draw":0.27646767131838945,"away":0.28037521749225625},"IF Gnistan vs Inter Turku":{"score":"1-2","home":0.3132107744100243,"draw":0.2717957152784509,"away":0.41310453115269946},"Ilves vs AC Oulu":{"score":"2-1","home":0.4659619783771785,"draw":0.2630614778302816,"away":0.26843781567265873},"TPS vs HJK":{"score":"2-1","home":0.4100106676214678,"draw":0.27567353036847053,"away":0.3126581800110168},"KuPS vs SJK":{"score":"2-0","home":0.6368097360882514,"draw":0.22428468126176984,"away":0.13335954488677457},"Inter Turku vs FF Jaro":{"score":"2-1","home":0.5375484650432915,"draw":0.26088506903964837,"away":0.19902756090336085},"VPS vs IF Gnistan":{"score":"2-1","home":0.44949684014958313,"draw":0.26821020033234205,"away":0.28014702363654126},"FC Lahti vs IFK Mariehamn":{"score":"2-1","home":0.4870261500079323,"draw":0.2688293546173839,"away":0.2420517859916162},"HJK vs Ilves":{"score":"2-1","home":0.4453426599692643,"draw":0.270577937320966,"away":0.28209511197189907},"IFK Mariehamn vs KuPS":{"score":"1-2","home":0.25507807639080254,"draw":0.26868219263594784,"away":0.4741281431516336},"SJK vs Inter Turku":{"score":"1-2","home":0.33440817071742457,"draw":0.2757707766930653,"away":0.3881804294155043},"AC Oulu vs TPS":{"score":"2-1","home":0.43992895778458424,"draw":0.2705034183412724,"away":0.28758074054963967},"IF Gnistan vs FF Jaro":{"score":"2-1","home":0.4104328326246985,"draw":0.2724691256442682,"away":0.3152526837204681},"FC Lahti vs VPS":{"score":"2-1","home":0.511285978109457,"draw":0.2669197091237133,"away":0.21961145092780768},"Ilves vs Inter Turku":{"score":"2-1","home":0.40141466480283533,"draw":0.27562382117368245,"away":0.3213062429336264},"KuPS vs FF Jaro":{"score":"2-0","home":0.6207874031091649,"draw":0.23128087285334434,"away":0.14308972838907574},"VPS vs HJK":{"score":"1-2","home":0.36102000607811713,"draw":0.27632510434651086,"away":0.3610505941959197},"Inter Turku vs TPS":{"score":"2-1","home":0.5091741723185199,"draw":0.2677719435942613,"away":0.22092465496150082},"FF Jaro vs IFK Mariehamn":{"score":"2-1","home":0.4247396268435636,"draw":0.2794082615392993,"away":0.2943782737340779},"Ilves vs IF Gnistan":{"score":"2-1","home":0.5293177736496426,"draw":0.2528028705146114,"away":0.21453508793756293},"KuPS vs FC Lahti":{"score":"2-0","home":0.5676953929478111,"draw":0.24976193256961643,"away":0.1791914645789884},"SJK vs AC Oulu":{"score":"2-1","home":0.4008512208987901,"draw":0.2689914077855207,"away":0.3280884390289451},"HJK vs IFK Mariehamn":{"score":"2-1","home":0.5006700917750888,"draw":0.26535848245511723,"away":0.23165278388301927},"IF Gnistan vs SJK":{"score":"2-1","home":0.427362373278495,"draw":0.2710909240204669,"away":0.2996044699873802},"KuPS vs Inter Turku":{"score":"2-1","home":0.5338998515775933,"draw":0.2558973325540738,"away":0.2072014035732322},"TPS vs VPS":{"score":"2-1","home":0.4874281024710297,"draw":0.2720551885044136,"away":0.23862981989157905},"FC Lahti vs Ilves":{"score":"2-1","home":0.4288186590670498,"draw":0.27406223735790236,"away":0.2953580228359898},"AC Oulu vs FF Jaro":{"score":"2-1","home":0.4694619369565295,"draw":0.26617916179722867,"away":0.26206687058663175},"Inter Turku vs AC Oulu":{"score":"2-1","home":0.5103176681848561,"draw":0.26275182615976495,"away":0.2244336052214057},"Ilves vs TPS":{"score":"2-1","home":0.472533649246233,"draw":0.2689346086477942,"away":0.2564366772097161},"FF Jaro vs HJK":{"score":"2-1","home":0.3717311980124895,"draw":0.2790040988686966,"away":0.3477990632564946},"VPS vs KuPS":{"score":"1-2","home":0.2351755647972114,"draw":0.26329623204699315,"away":0.49904749721191644},"FC Lahti vs SJK":{"score":"2-1","home":0.5054687071647026,"draw":0.26401271297709683,"away":0.22810826654261943},"IFK Mariehamn vs IF Gnistan":{"score":"2-1","home":0.4728541335067435,"draw":0.2661190086442629,"away":0.2587319179661807},"HJK vs Inter Turku":{"score":"2-1","home":0.40471091987453817,"draw":0.2769704901019151,"away":0.31673448489479616},"Ilves vs FF Jaro":{"score":"2-1","home":0.5003913546081524,"draw":0.26348814704277473,"away":0.23365781804463967},"TPS vs KuPS":{"score":"1-2","home":0.27658486711102565,"draw":0.27223488784021216,"away":0.4492992716819531},"IF Gnistan vs FC Lahti":{"score":"1-2","home":0.350169468400595,"draw":0.2763855127169581,"away":0.37184305312038823},"SJK vs VPS":{"score":"2-1","home":0.4544822557834736,