{"generatedAt":"2026-04-09T08:30:10.125Z","settings":{"rho":-0.13,"marketTrust":50,"halfLife":60},"predictions":{"Inter Turku vs VPS":{"score":"1-0","home":0.5427144478735144,"draw":0.273040755424873,"away":0.18254044105457262},"HJK vs SJK":{"score":"1-0","home":0.5080970447445303,"draw":0.2730357582100436,"away":0.21706421939889708},"Ilves vs KuPS":{"score":"1-2","home":0.3037462447560684,"draw":0.2851308407656364,"away":0.40991248499681254},"FF Jaro vs FC Lahti":{"score":"2-1","home":0.36071041560650374,"draw":0.29722772116088736,"away":0.3412724319182679},"IFK Mariehamn vs TPS":{"score":"2-1","home":0.4044938891145575,"draw":0.2921963549209325,"away":0.30235459821998584},"IF Gnistan vs AC Oulu":{"score":"2-1","home":0.36867881672492325,"draw":0.2792774868751307,"away":0.3505921320873569},"TPS vs FC Lahti":{"score":"1-2","home":0.31751696371811217,"draw":0.26965021302418446,"away":0.4128328232577033},"SJK vs IFK Mariehamn":{"score":"2-1","home":0.5467542721079967,"draw":0.24563847259864943,"away":0.2076072552933539},"VPS vs FF Jaro":{"score":"2-1","home":0.46433306813640685,"draw":0.26427097945586875,"away":0.2713959524077245},"KuPS vs IF Gnistan":{"score":"2-0","home":0.6965535167850662,"draw":0.1862264945189424,"away":0.11721998869599141},"HJK vs AC Oulu":{"score":"2-1","home":0.5775114771837205,"draw":0.22300384384920444,"away":0.1994846789670749},"Inter Turku vs Ilves":{"score":"1-0","home":0.44603604031226607,"draw":0.28657918386929004,"away":0.26738477581844394},"IF Gnistan vs HJK":{"score":"1-2","home":0.3507541661959745,"draw":0.2716163361288945,"away":0.37574477078498103},"FF Jaro vs KuPS":{"score":"1-2","home":0.2431885685118592,"draw":0.2696253097518014,"away":0.48514453848743894},"AC Oulu vs VPS":{"score":"2-1","home":0.48414857804717537,"draw":0.26911300842285685,"away":0.2446621298266021},"FC Lahti vs Inter Turku":{"score":"2-1","home":0.3897504263479408,"draw":0.28038585375658065,"away":0.32845889161831693},"TPS vs SJK":{"score":"2-1","home":0.4797861579393192,"draw":0.27055369523044925,"away":0.24767489203738854},"IFK Mariehamn vs Ilves":{"score":"2-1","home":0.37851114885824305,"draw":0.2793300341436504,"away":0.3407075602380944},"KuPS vs AC Oulu":{"score":"2-0","home":0.5915424261289783,"draw":0.23658001356005218,"away":0.16716979237735302},"TPS vs IF Gnistan":{"score":"2-1","home":0.49687098048202155,"draw":0.26209606889140735,"away":0.23845003894278372},"VPS vs Ilves":{"score":"1-2","home":0.3559917836165099,"draw":0.27688027699375944,"away":0.36555350109973384},"SJK vs FF Jaro":{"score":"2-1","home":0.43386935923817194,"draw":0.2729816309097857,"away":0.29132091783891734},"FC Lahti vs AC Oulu":{"score":"2-1","home":0.46186269065483726,"draw":0.267131024448861,"away":0.26878232020339743},"Inter Turku vs IFK Mariehamn":{"score":"2-1","home":0.5330695462402313,"draw":0.26228455870725115,"away":0.2021964836954883},"KuPS vs HJK":{"score":"2-1","home":0.5707960332779388,"draw":0.24443577851641032,"away":0.18082504526206097},"Inter Turku vs HJK":{"score":"2-1","home":0.4818941437880224,"draw":0.2701014549926902,"away":0.24599138203540857},"SJK vs Ilves":{"score":"2-1","home":0.3722159503788255,"draw":0.2743310872682331,"away":0.351735058990212},"FF Jaro vs TPS":{"score":"2-1","home":0.3996683569918629,"draw":0.2813499866197928,"away":0.3176162379636921},"IFK Mariehamn vs VPS":{"score":"2-1","home":0.462500617517601,"draw":0.2761187449462441,"away":0.2597187767275554},"AC Oulu vs KuPS":{"score":"1-2","home":0.2809966179310094,"draw":0.26664319997444996,"away":0.45010081791942247},"HJK vs FC Lahti":{"score":"2-1","home":0.4413670769242996,"draw":0.27643418269133707,"away":0.2805624158763767},"IF Gnistan vs Inter Turku":{"score":"1-2","home":0.3135961181754527,"draw":0.2719292247399332,"away":0.4125943898340267},"Ilves vs AC Oulu":{"score":"2-1","home":0.4668301399696398,"draw":0.2631032829833824,"away":0.26753172577593554},"TPS vs HJK":{"score":"2-1","home":0.4101873098267862,"draw":0.2756863665198677,"away":0.31246930164968145},"KuPS vs SJK":{"score":"2-0","home":0.6361993267253233,"draw":0.2245606343827722,"away":0.13372331853609598},"Inter Turku vs FF Jaro":{"score":"2-1","home":0.537568901997379,"draw":0.26080244172759165,"away":0.19908313241584064},"VPS vs IF Gnistan":{"score":"2-1","home":0.44899283493517017,"draw":0.2683648979568731,"away":0.2805073178972909},"FC Lahti vs IFK Mariehamn":{"score":"2-1","home":0.4870667913311819,"draw":0.26879486268826397,"away":0.24204335729206508},"HJK vs Ilves":{"score":"2-1","home":0.44465001841556195,"draw":0.27072948875438035,"away":0.28264631502414705},"IFK Mariehamn vs KuPS":{"score":"1-2","home":0.2552582521373243,"draw":0.2687342463451421,"away":0.4738993644371317},"SJK vs Inter Turku":{"score":"1-2","home":0.3345714327519745,"draw":0.27582954228904205,"away":0.3879617459817561},"AC Oulu vs TPS":{"score":"2-1","home":0.4394661449988865,"draw":0.27062286911237143,"away":0.28793211425334014},"IF Gnistan vs FF Jaro":{"score":"2-1","home":0.41091865808296124,"draw":0.2725224416562097,"away":0.3147165512777293},"FC Lahti vs VPS":{"score":"2-1","home":0.5113148014003153,"draw":0.2668333267330955,"away":0.21966305558616708},"Ilves vs Inter Turku":{"score":"2-1","home":0.4016406153915096,"draw":0.2756498935609278,"away":0.32105554107305334},"KuPS vs FF Jaro":{"score":"2-0","home":0.6206168861709264,"draw":0.23135954736286685,"away":0.1431895135066337},"VPS vs HJK":{"score":"2-1","home":0.3611911538552864,"draw":0.2763760728056735,"away":0.36083126011443534},"Inter Turku vs TPS":{"score":"2-1","home":0.5091753313677057,"draw":0.26768470172786635,"away":0.22100480666952468},"FF Jaro vs IFK Mariehamn":{"score":"2-1","home":0.4248732598705137,"draw":0.27932858183341364,"away":0.29432035274833285},"Ilves vs IF Gnistan":{"score":"2-1","home":0.5291057711343492,"draw":0.2529572102289367,"away":0.21460809619007068},"KuPS vs FC Lahti":{"score":"2-0","home":0.5676364659137755,"draw":0.24975725657801004,"away":0.17925390630596286},"SJK vs AC Oulu":{"score":"2-1","home":0.40162349949258647,"draw":0.26913315966789814,"away":0.3271839262790492},"HJK vs IFK Mariehamn":{"score":"2-1","home":0.5003283980364446,"draw":0.265415204186366,"away":0.23194130889209713},"IF Gnistan vs SJK":{"score":"2-1","home":0.42733797711816895,"draw":0.2711604955272428,"away":0.2995637861305655},"KuPS vs Inter Turku":{"score":"2-1","home":0.5336584967258834,"draw":0.25598830645055887,"away":0.20735915561494397},"TPS vs VPS":{"score":"2-1","home":0.48743652707655155,"draw":0.271964351634567,"away":0.23870675061392488},"FC Lahti vs Ilves":{"score":"2-1","home":0.42862476614536316,"draw":0.274106585592345,"away":0.29551026647253303},"AC Oulu vs FF Jaro":{"score":"2-1","home":0.46904046001006244,"draw":0.2663164487389732,"away":0.2623611005052644},"Inter Turku vs AC Oulu":{"score":"2-1","home":0.5106534752032266,"draw":0.26267156867701263,"away":0.22417257980221855},"Ilves vs TPS":{"score":"2-1","home":0.47275807095736644,"draw":0.2689149347672628,"away":0.2562306793586845},"FF Jaro vs HJK":{"score":"2-1","home":0.3720345987581151,"draw":0.27899433330624607,"away":0.34750488097396226},"VPS vs KuPS":{"score":"1-2","home":0.23534597493742182,"draw":0.26337917741399025,"away":0.4988002493949087},"FC Lahti vs SJK":{"score":"2-1","home":0.5051552981255072,"draw":0.26407192812620733,"away":0.22836629384139756},"IFK Mariehamn vs IF Gnistan":{"score":"2-1","home":0.47239642203972637,"draw":0.26625550655055197,"away":0.25906303583728796},"HJK vs Inter Turku":{"score":"2-1","home":0.40434438540736783,"draw":0.27700456449026495,"away":0.3170689709689443},"Ilves vs FF Jaro":{"score":"2-1","home":0.500674168802675,"draw":0.26346137876976444,"away":0.23340024999268796},"TPS vs KuPS":{"score":"1-2","home":0.2767719126316305,"draw":0.27227994511405185,"away":0.4490700196146564},"IF Gnistan vs FC Lahti":{"score":"1-2","home":0.3506814113462463,"draw":0.27643953215214545,"away":0.37128012616022843},"SJK vs VPS":{"score":"2-1","home":0.4546318471349559,