{"generatedAt":"2026-04-06T12:04:52.584Z","settings":{"rho":-0.13,"marketTrust":50,"halfLife":60},"predictions":{"Inter Turku vs VPS":{"score":"1-0","home":0.5427333700605041,"draw":0.2732189608915628,"away":0.18235298010247833},"HJK Helsinki vs SJK Seinajoki":{"score":"2-1","home":0.44027560596469906,"draw":0.28458675459945715,"away":0.2738829465613906},"Ilves vs KuPS":{"score":"1-2","home":0.3030969562599137,"draw":0.28491228276383385,"away":0.41077093604330756},"Jaro vs Lahti":{"score":"1-2","home":0.34074076013066873,"draw":0.2973631167749626,"away":0.3611102268771816},"IFK Mariehamn vs TPS":{"score":"2-1","home":0.40447268748954185,"draw":0.29225751876153105,"away":0.3023165738942209},"Gnistan vs AC Oulu":{"score":"1-2","home":0.33293897572701314,"draw":0.27833873377131896,"away":0.3872183160725605},"TPS vs FC Lahti":{"score":"1-2","home":0.3042895491829949,"draw":0.27011043438949717,"away":0.425600016427508},"SJK vs IFK Mariehamn":{"score":"1-0","home":0.552734866367994,"draw":0.24489224165895918,"away":0.2023728919730469},"VPS vs FF Jaro":{"score":"2-1","home":0.47281707755433505,"draw":0.2603088700133898,"away":0.26687405243227513},"KuPS vs IF Gnistan":{"score":"2-0","home":0.6876295481020734,"draw":0.19080553324438018,"away":0.12156491865354642},"HJK vs AC Oulu":{"score":"2-1","home":0.5707602102367897,"draw":0.22469988358679102,"away":0.20453990617641912},"FC Inter vs Ilves":{"score":"2-1","home":0.43619073906600325,"draw":0.2867377958394253,"away":0.2770714650945715},"IF Gnistan vs HJK":{"score":"2-1","home":0.42924474218128145,"draw":0.2877933254141708,"away":0.28183878338274954},"FF Jaro vs KuPS":{"score":"1-2","home":0.25419559148183335,"draw":0.27407428928482025,"away":0.46995461771742264},"AC Oulu vs VPS":{"score":"2-1","home":0.4828219411900157,"draw":0.2693606512938171,"away":0.2457565498921933},"FC Lahti vs FC Inter":{"score":"2-1","home":0.42924474218128145,"draw":0.2877933254141708,"away":0.28183878338274954},"TPS vs SJK":{"score":"2-1","home":0.45809650002634716,"draw":0.2789468551256452,"away":0.2614406929560496},"IFK Mariehamn vs Ilves":{"score":"2-1","home":0.37885067181586923,"draw":0.27929438698493375,"away":0.3404018261647781},"KuPS vs AC Oulu":{"score":"2-0","home":0.5926160392956319,"draw":0.23610727527103367,"away":0.16651728406087285},"TPS vs IF Gnistan":{"score":"2-1","home":0.46180432177897845,"draw":0.27755571307188176,"away":0.25905341554125044},"VPS vs Ilves":{"score":"1-2","home":0.3563738932244067,"draw":0.2768211143256449,"away":0.3652274064702444},"SJK vs FF Jaro":{"score":"2-1","home":0.42924474218128145,"draw":0.2877933254141708,"away":0.28183878338274954},"FC Lahti vs AC Oulu":{"score":"2-1","home":0.40707270071528784,"draw":0.2790147865744595,"away":0.3124315516094128},"FC Inter vs IFK Mariehamn":{"score":"2-1","home":0.43015284859676944,"draw":0.2833816856308032,"away":0.28516802983345696},"KuPS vs HJK":{"score":"2-0","home":0.6168946943584999,"draw":0.23516054978622838,"away":0.14359632377888512},"FC Inter vs HJK":{"score":"2-1","home":0.42924474218128145,"draw":0.2877933254141708,"away":0.28183878338274954},"SJK vs Ilves":{"score":"2-1","home":0.3739125618116167,"draw":0.283453234714341,"away":0.34137321803812004},"FF Jaro vs TPS":{"score":"2-1","home":0.4058771644731459,"draw":0.2853936388302101,"away":0.3075320629956005},"IFK Mariehamn vs VPS":{"score":"2-1","home":0.4624756357079036,"draw":0.27626077702740004,"away":0.2596093208981642},"AC Oulu vs KuPS":{"score":"1-2","home":0.2798373955745098,"draw":0.2662840679153284,"away":0.45159215436148237},"HJK vs FC Lahti":{"score":"2-1","home":0.42924474218128145,"draw":0.2877933254141708,"away":0.28183878338274954},"IF Gnistan vs FC Inter":{"score":"2-1","home":0.42924474218128145,"draw":0.2877933254141708,"away":0.28183878338274954},"Ilves vs AC Oulu":{"score":"2-1","home":0.46723521960009373,"draw":0.2627964601283642,"away":0.26740814065862245},"TPS vs HJK":{"score":"2-1","home":0.46180432177897845,"draw":0.27755571307188176,"away":0.25905341554125044},"KuPS vs SJK":{"score":"2-0","home":0.6168946943584999,"draw":0.23516054978622838,"away":0.14359632377888512},"FC Inter vs FF Jaro":{"score":"2-1","home":0.42924474218128145,"draw":0.2877933254141708,"away":0.28183878338274954},"VPS vs IF Gnistan":{"score":"2-1","home":0.41281347127216833,"draw":0.28273700991048234,"away":0.3031371656233051},"FC Lahti vs IFK Mariehamn":{"score":"2-1","home":0.43015284859676944,"draw":0.2833816856308032,"away":0.28516802983345696},"HJK vs Ilves":{"score":"2-1","home":0.3739125618116167,"draw":0.283453234714341,"away":0.34137321803812004},"IFK Mariehamn vs KuPS":{"score":"1-2","home":0.2549870585163843,"draw":0.2686558835832338,"away":0.47424372481738153},"SJK vs FC Inter":{"score":"2-1","home":0.42924474218128145,"draw":0.2877933254141708,"away":0.28183878338274954},"AC Oulu vs TPS":{"score":"2-1","home":0.43831745952653217,"draw":0.27064673977520537,"away":0.2890590226620315},"IF Gnistan vs FF Jaro":{"score":"2-1","home":0.42924474218128145,"draw":0.2877933254141708,"away":0.28183878338274954},"FC Lahti vs VPS":{"score":"2-1","home":0.45398331819761767,"draw":0.28371102796268793,"away":0.2610066058562488},"Ilves vs FC Inter":{"score":"2-1","home":0.49513110995695514,"draw":0.26865679947854193,"away":0.2341172632570524},"KuPS vs FF Jaro":{"score":"2-0","home":0.6168946943584999,"draw":0.23516054978622838,"away":0.14359632377888512},"VPS vs HJK":{"score":"2-1","home":0.41281347127216833,"draw":0.28273700991048234,"away":0.3031371656233051},"FC Inter vs TPS":{"score":"2-1","home":0.4058771644731459,"draw":0.2853936388302101,"away":0.3075320629956005},"FF Jaro vs IFK Mariehamn":{"score":"2-1","home":0.43015284859676944,"draw":0.2833816856308032,"away":0.28516802983345696},"Ilves vs IF Gnistan":{"score":"2-1","home":0.49513110995695514,"draw":0.26865679947854193,"away":0.2341172632570524},"KuPS vs FC Lahti":{"score":"2-0","home":0.6168946943584999,"draw":0.23516054978622838,"away":0.14359632377888512},"SJK vs AC Oulu":{"score":"2-1","home":0.40707270071528784,"draw":0.2790147865744595,"away":0.3124315516094128},"HJK vs IFK Mariehamn":{"score":"2-1","home":0.43015284859676944,"draw":0.2833816856308032,"away":0.28516802983345696},"IF Gnistan vs SJK":{"score":"2-1","home":0.42924474218128145,"draw":0.2877933254141708,"away":0.28183878338274954},"KuPS vs FC Inter":{"score":"2-0","home":0.6168946943584999,"draw":0.23516054978622838,"away":0.14359632377888512},"TPS vs VPS":{"score":"2-1","home":0.48742383837963343,"draw":0.27210112006846826,"away":0.23859091788570025},"FC Lahti vs Ilves":{"score":"2-1","home":0.3739125618116167,"draw":0.283453234714341,"away":0.34137321803812004},"AC Oulu vs FF Jaro":{"score":"2-1","home":0.46361512899855944,"draw":0.27139995635139147,"away":0.2630491461121747},"FC Inter vs AC Oulu":{"score":"2-1","home":0.40707270071528784,"draw":0.2790147865744595,"away":0.3124315516094128},"Ilves vs TPS":{"score":"2-1","home":0.4724202693242703,"draw":0.26894453224077997,"away":0.2565407645006529},"FF Jaro vs HJK":{"score":"2-1","home":0.42924474218128145,"draw":0.2877933254141708,"away":0.28183878338274954},"VPS vs KuPS":{"score":"1-2","home":0.2350893901850537,"draw":0.26325425708143296,"away":0.4991725517635743},"FC Lahti vs SJK":{"score":"2-1","home":0.42924474218128145,"draw":0.2877933254141708,"away":0.28183878338274954},"IFK Mariehamn vs IF Gnistan":{"score":"2-1","home":0.43702969537093267,"draw":0.28111006656349474,"away":0.28045796146864177},"HJK vs FC Inter":{"score":"2-1","home":0.42924474218128145,"draw":0.2877933254141708,"away":0.28183878338274954},"Ilves vs FF Jaro":{"score":"2-1","home":0.49513110995695514,"draw":0.26865679947854193,"away":0.2341172632570524},"TPS vs KuPS":{"score":"1-2","home":0.2764903778569327,"draw":0.2722121127103879,"away":0.44941509408469443},"IF Gnistan vs FC Lahti":{"score":"2-1","home":0.42924474218128145,"draw":0.2877933254141708,"away":0.28183878338274954},"SJK vs VPS":{"score":"2-1","home":0.45398331819761767,