{"generatedAt":"2026-04-10T08:50:09.934Z","settings":{"rho":-0.13,"marketTrust":50,"halfLife":60},"predictions":{"Inter Turku vs VPS":{"score":"1-0","home":0.5427082155635821,"draw":0.27298211617234575,"away":0.1826021192949036},"HJK vs SJK":{"score":"1-0","home":0.5077300775130268,"draw":0.27313802144770916,"away":0.21733411423091806},"Ilves vs KuPS":{"score":"1-2","home":0.3039589948031837,"draw":0.28520216355386674,"away":0.4096314641622775},"FF Jaro vs FC Lahti":{"score":"2-1","home":0.36082383169140525,"draw":0.29717928152463835,"away":0.3412061458956194},"IFK Mariehamn vs TPS":{"score":"2-1","home":0.4045008490070672,"draw":0.2921762749698652,"away":0.3023670811984859},"IF Gnistan vs AC Oulu":{"score":"2-1","home":0.36922263196447647,"draw":0.2794101562408126,"away":0.34992208813421705},"TPS vs FC Lahti":{"score":"1-2","home":0.3115179986859101,"draw":0.2741145591442502,"away":0.4143674421698397},"SJK vs IFK Mariehamn":{"score":"2-1","home":0.555308085422757,"draw":0.23784623817954828,"away":0.20684567639769486},"VPS vs FF Jaro":{"score":"2-1","home":0.4531943748410604,"draw":0.2664094840052778,"away":0.28039614115366174},"KuPS vs IF Gnistan":{"score":"2-0","home":0.7043219079123659,"draw":0.1835409973637755,"away":0.11213709472385851},"HJK vs AC Oulu":{"score":"2-1","home":0.5767400998805288,"draw":0.2237649135076014,"away":0.1994949866118699},"Inter Turku vs Ilves":{"score":"1-0","home":0.4448424842506466,"draw":0.2861033174459829,"away":0.2690541983033705},"IF Gnistan vs HJK":{"score":"1-2","home":0.3511062440421625,"draw":0.27171707916751175,"away":0.37529848158197565},"FF Jaro vs KuPS":{"score":"1-2","home":0.24333335879297258,"draw":0.2696500323808287,"away":0.4849765059289416},"AC Oulu vs VPS":{"score":"2-1","home":0.48398269058443194,"draw":0.26913665487441263,"away":0.24480581295361675},"FC Lahti vs Inter Turku":{"score":"2-1","home":0.389772193299874,"draw":0.28037979222739146,"away":0.32844288916938846},"TPS vs SJK":{"score":"2-1","home":0.47961828598907813,"draw":0.2705771942297284,"away":0.24782067102860772},"IFK Mariehamn vs Ilves":{"score":"2-1","home":0.378399549055389,"draw":0.27934173456981,"away":0.3408080687973227},"KuPS vs AC Oulu":{"score":"2-0","home":0.5916683138382017,"draw":0.23659094502992245,"away":0.16703721081291148},"TPS vs IF Gnistan":{"score":"2-1","home":0.49664719243901145,"draw":0.26216930420670653,"away":0.23860623136013978},"VPS vs Ilves":{"score":"1-2","home":0.35586639254752034,"draw":0.2768996537210666,"away":0.3656605444851572},"SJK vs FF Jaro":{"score":"2-1","home":0.43398458293105335,"draw":0.2729885570456435,"away":0.29119911968926543},"FC Lahti vs AC Oulu":{"score":"2-1","home":0.46211410054623847,"draw":0.26713712205150664,"away":0.2685252828266627},"Inter Turku vs IFK Mariehamn":{"score":"2-1","home":0.5330660975245661,"draw":0.2622436656398611,"away":0.20223760402740118},"KuPS vs HJK":{"score":"2-1","home":0.5707778455820063,"draw":0.24447525215484153,"away":0.18080857751165716},"Inter Turku vs HJK":{"score":"2-1","home":0.48196664170808784,"draw":0.2700676647085402,"away":0.24595053622019422},"SJK vs Ilves":{"score":"2-1","home":0.37217014145518956,"draw":0.27437422410271234,"away":0.35174025672365516},"FF Jaro vs TPS":{"score":"2-1","home":0.3997365050996058,"draw":0.2813120355541296,"away":0.3175842662408549},"IFK Mariehamn vs VPS":{"score":"2-1","home":0.46250881461174737,"draw":0.27607211081535615,"away":0.2597547123948322},"AC Oulu vs KuPS":{"score":"1-2","home":0.28085683497688557,"draw":0.26668904904979557,"away":0.45019813740975223},"HJK vs FC Lahti":{"score":"2-1","home":0.4412897150698777,"draw":0.2764177824141329,"away":0.2806553453318097},"IF Gnistan vs Inter Turku":{"score":"1-2","home":0.31378666880288775,"draw":0.27199512459997227,"away":0.4123422260341952},"Ilves vs AC Oulu":{"score":"2-1","home":0.4672583325556679,"draw":0.26312337080283293,"away":0.267085319908323},"TPS vs HJK":{"score":"2-1","home":0.41027471550905964,"draw":0.2756927112732557,"away":0.3123758475231463},"KuPS vs SJK":{"score":"2-0","home":0.6358978453042458,"draw":0.2246966809607725,"away":0.13390316056971815},"Inter Turku vs FF Jaro":{"score":"2-1","home":0.5375790858713532,"draw":0.26076158906059854,"away":0.19911052259890852},"VPS vs IF Gnistan":{"score":"2-1","home":0.4487436834731883,"draw":0.26844128438682335,"away":0.2806854908181662},"FC Lahti vs IFK Mariehamn":{"score":"2-1","home":0.4870868941510699,"draw":0.2687778123064739,"away":0.2420391772454671},"HJK vs Ilves":{"score":"2-1","home":0.44430820692892736,"draw":0.2708039760051032,"away":0.2829185966090728},"IFK Mariehamn vs KuPS":{"score":"1-2","home":0.25534741061948546,"draw":0.2687599915004511,"away":0.47378616634490567},"SJK vs Inter Turku":{"score":"1-2","home":0.3346521317070055,"draw":0.2758585681281879,"away":0.38785367044149804},"AC Oulu vs TPS":{"score":"2-1","home":0.43923710156924756,"draw":0.2706819151773365,"away":0.288106062341948},"IF Gnistan vs FF Jaro":{"score":"2-1","home":0.4111588813967235,"draw":0.27254864068993057,"away":0.31445160372685926},"FC Lahti vs VPS":{"score":"2-1","home":0.5113291298898709,"draw":0.26679062196750913,"away":0.21968848221127035},"Ilves vs Inter Turku":{"score":"2-1","home":0.4017522938625981,"draw":0.27566274648344596,"away":0.32093166008603924},"KuPS vs FF Jaro":{"score":"2-0","home":0.6205325066153243,"draw":0.23139847774323458,"away":0.1432388900354164},"VPS vs HJK":{"score":"2-1","home":0.36127574942589125,"draw":0.27640124325893867,"away":0.36072286601421244},"Inter Turku vs TPS":{"score":"2-1","home":0.5091759003243231,"draw":0.2676415712914392,"away":0.22104442962044832},"FF Jaro vs IFK Mariehamn":{"score":"2-1","home":0.424939349169801,"draw":0.2792891839945315,"away":0.29429169566163926},"Ilves vs IF Gnistan":{"score":"2-1","home":0.5290008000273221,"draw":0.25303362891939063,"away":0.21464422189718346},"KuPS vs FC Lahti":{"score":"2-0","home":0.5676068817322234,"draw":0.24975516650181537,"away":0.17928502560437026},"SJK vs AC Oulu":{"score":"2-1","home":0.4020044089438924,"draw":0.26920263758104135,"away":0.32673818205010957},"HJK vs IFK Mariehamn":{"score":"2-1","home":0.5001593525269582,"draw":0.2654432194013999,"away":0.23208409438817676},"IF Gnistan vs SJK":{"score":"2-1","home":0.42732673763760043,"draw":0.2711950768795823,"away":0.2995426723712057},"KuPS vs Inter Turku":{"score":"2-1","home":0.5335392058579823,"draw":0.25603325021764817,"away":0.20743713938070102},"TPS vs VPS":{"score":"2-1","home":0.4874406878535409,"draw":0.2719194447415415,"away":0.23874478073224703},"FC Lahti vs Ilves":{"score":"2-1","home":0.42852882570971634,"draw":0.27412852634031104,"away":0.2955856001687294},"AC Oulu vs FF Jaro":{"score":"2-1","home":0.4688318506485778,"draw":0.2663843491099885,"away":0.26250676225225583},"Inter Turku vs AC Oulu":{"score":"2-1","home":0.5108205280414311,"draw":0.2626318356314214,"away":0.22404255022238015},"Ilves vs TPS":{"score":"2-1","home":0.47286911376897106,"draw":0.26890518477955094,"away":0.2561287674845698},"FF Jaro vs HJK":{"score":"2-1","home":0.37218463732848006,"draw":0.2789894847941406,"away":0.34735941881355353},"VPS vs KuPS":{"score":"1-2","home":0.23543021374205444,"draw":0.2634201503270336,"away":0.4986780506619834},"FC Lahti vs SJK":{"score":"2-1","home":0.5050003165767022,"draw":0.26410119035343765,"away":0.2284939076506983},"IFK Mariehamn vs IF Gnistan":{"score":"2-1","home":0.47216988956200256,"draw":0.2663229974947577,"away":0.2592269627871123},"HJK vs Inter Turku":{"score":"2-1","home":0.40416328480477687,"draw":0.2770213329720879,"away":0.31723429947643994},"Ilves vs FF Jaro":{"score":"2-1","home":0.5008139597730829,"draw":0.2634480957369481,"away":0.2332729872529675},"TPS vs KuPS":{"score":"1-2","home":0.2768644695570155,"draw":0.27230222774362034,"away":0.4489565888646828},"IF Gnistan vs FC Lahti":{"score":"1-2","home":0.35093481877290655,"draw":0.27646611454241937,"away":0.37100162661705866},"SJK vs VPS":{"score":"2-1","home":0.4547061996201515,