{"generatedAt":"2026-04-11T20:20:10.281Z","settings":{"rho":-0.13,"marketTrust":50,"halfLife":60,"formBoost":3},"predictions":{"Inter Turku vs VPS":{"score":"1-0","home":0.5093160636373537,"draw":0.3150887608106288,"away":0.17510009250133035},"HJK vs SJK":{"score":"1-0","home":0.46891006800572294,"draw":0.30560305412837946,"away":0.22482822265945057},"Ilves vs KuPS":{"score":"0-1","home":0.22718569980297426,"draw":0.28472972638972427,"away":0.4868219620694399},"FF Jaro vs FC Lahti":{"score":"1-0","home":0.3509589544901333,"draw":0.3319968350539636,"away":0.3167975350156226},"IFK Mariehamn vs TPS":{"score":"1-0","home":0.34389202292750687,"draw":0.32620531789811813,"away":0.32960502381248075},"IF Gnistan vs AC Oulu":{"score":"1-2","home":0.2387382027075241,"draw":0.2754060934473194,"away":0.4841582507103746},"TPS vs FC Lahti":{"score":"1-0","home":0.43161947794687633,"draw":0.3149253872708313,"away":0.252979538707825},"SJK vs IFK Mariehamn":{"score":"1-0","home":0.5585565905953813,"draw":0.27574910084197024,"away":0.16419619864544974},"VPS vs FF Jaro":{"score":"1-0","home":0.3682336124016512,"draw":0.34923960881661853,"away":0.28238109341696643},"KuPS vs IF Gnistan":{"score":"1-0","home":0.5856130481872237,"draw":0.2874767196922374,"away":0.12598094545028424},"HJK vs AC Oulu":{"score":"1-0","home":0.3595791318764273,"draw":0.31962167357983984,"away":0.32042617982324983},"Inter Turku vs Ilves":{"score":"1-0","home":0.4769324060841391,"draw":0.30768260723183155,"away":0.2147643949243064},"IF Gnistan vs HJK":{"score":"0-1","home":0.2182288446005892,"draw":0.23060306455667226,"away":0.5511680908427385},"FF Jaro vs KuPS":{"score":"0-1","home":0.1927062861340615,"draw":0.24548617724966673,"away":0.5618075366162717},"AC Oulu vs VPS":{"score":"1-0","home":0.519905045430752,"draw":0.2604980217228507,"away":0.21959693284639734},"FC Lahti vs Inter Turku":{"score":"0-1","home":0.3209197594569305,"draw":0.32765158262600347,"away":0.35114405451590963},"TPS vs SJK":{"score":"1-0","home":0.506718941361686,"draw":0.2901806609027539,"away":0.2020460219720781},"IFK Mariehamn vs Ilves":{"score":"0-1","home":0.22520316467402296,"draw":0.23697838089304948,"away":0.5378184544329275},"KuPS vs AC Oulu":{"score":"1-0","home":0.5025214088583045,"draw":0.29926873613237925,"away":0.197410234043394},"TPS vs IF Gnistan":{"score":"1-0","home":0.5026245101064034,"draw":0.2950514274664741,"away":0.2014141764072521},"VPS vs Ilves":{"score":"1-0","home":0.356308365787853,"draw":0.322273855409072,"away":0.3210767996225449},"SJK vs FF Jaro":{"score":"1-0","home":0.46934619061272376,"draw":0.30827720354316457,"away":0.22176941234679576},"FC Lahti vs AC Oulu":{"score":"1-0","home":0.3600369392716018,"draw":0.3047526122667244,"away":0.33459781409079864},"Inter Turku vs IFK Mariehamn":{"score":"1-0","home":0.5770644077605441,"draw":0.26990565253706866,"away":0.15134148042507412},"KuPS vs HJK":{"score":"1-0","home":0.5458493091033159,"draw":0.28735445029735596,"away":0.16571723732297253},"Inter Turku vs HJK":{"score":"1-0","home":0.4788587421813807,"draw":0.30110208537303207,"away":0.21928010163562137},"SJK vs Ilves":{"score":"1-0","home":0.4760512337699533,"draw":0.2864467354225046,"away":0.23630472106662173},"FF Jaro vs TPS":{"score":"1-0","home":0.34257918024207873,"draw":0.3184795728040384,"away":0.3385561177777013},"IFK Mariehamn vs VPS":{"score":"1-0","home":0.4066092850648078,"draw":0.3208291825988791,"away":0.2721811069427739},"AC Oulu vs KuPS":{"score":"1-2","home":0.3040908417585579,"draw":0.29304192625573516,"away":0.4019400696852175},"HJK vs FC Lahti":{"score":"1-0","home":0.4130327594048311,"draw":0.3085749722289927,"away":0.2778262420665481},"IF Gnistan vs Inter Turku":{"score":"0-1","home":0.23273074519477388,"draw":0.2794672231649329,"away":0.48631108235831905},"Ilves vs AC Oulu":{"score":"1-2","home":0.32803423671751175,"draw":0.28797819223208726,"away":0.3829020117071686},"TPS vs HJK":{"score":"1-0","home":0.43354805073175445,"draw":0.30155470205837714,"away":0.26417253336321433},"KuPS vs SJK":{"score":"1-0","home":0.6109429139963415,"draw":0.2591680951443518,"away":0.12786908174190137},"Inter Turku vs FF Jaro":{"score":"1-0","home":0.5063434305513015,"draw":0.3042978869397444,"away":0.18867402580882967},"VPS vs IF Gnistan":{"score":"1-0","home":0.4119244020712631,"draw":0.32477981275532564,"away":0.26295628471642146},"FC Lahti vs IFK Mariehamn":{"score":"1-0","home":0.5061158881205158,"draw":0.2873025771314659,"away":0.20542801204086863},"HJK vs Ilves":{"score":"1-0","home":0.41833802729484953,"draw":0.302155569229266,"away":0.2788068947535298},"IFK Mariehamn vs KuPS":{"score":"0-1","home":0.21966479769015823,"draw":0.28537754889729644,"away":0.4937232711728531},"SJK vs Inter Turku":{"score":"1-0","home":0.37525737934220244,"draw":0.30988733004190433,"away":0.3143347061519394},"AC Oulu vs TPS":{"score":"1-0","home":0.4442044459905321,"draw":0.29712505578480664,"away":0.25782833567561847},"IF Gnistan vs FF Jaro":{"score":"0-1","home":0.33553202595569603,"draw":0.30659288016920055,"away":0.3572996416117728},"FC Lahti vs VPS":{"score":"1-0","home":0.4465832419927117,"draw":0.315028838408938,"away":0.23790409681219488},"Ilves vs Inter Turku":{"score":"0-1","home":0.31030417668127985,"draw":0.30214890281836176,"away":0.3868684189244818},"KuPS vs FF Jaro":{"score":"1-0","home":0.5702694386540289,"draw":0.2873950489191474,"away":0.14133930553775875},"VPS vs HJK":{"score":"1-0","home":0.35455395551835517,"draw":0.3247383175718963,"away":0.3203937553127209},"Inter Turku vs TPS":{"score":"1-0","home":0.4705041437084936,"draw":0.3022362984191449,"away":0.22652860059779364},"FF Jaro vs IFK Mariehamn":{"score":"1-0","home":0.4494202051475123,"draw":0.3063683717349396,"away":0.2435779722846764},"Ilves vs IF Gnistan":{"score":"1-0","home":0.4540295603590127,"draw":0.30031237978386627,"away":0.24489017932956555},"KuPS vs FC Lahti":{"score":"1-0","home":0.5529541786494658,"draw":0.2842934352375,"away":0.161588148684157},"SJK vs AC Oulu":{"score":"1-0","home":0.4166532777380326,"draw":0.29934034602376225,"away":0.2832418323634811},"HJK vs IFK Mariehamn":{"score":"1-0","home":0.5155251060708482,"draw":0.28375273774317195,"away":0.19944574447853086},"IF Gnistan vs SJK":{"score":"2-1","home":0.37947862286042594,"draw":0.2901163013945787,"away":0.32939614556727626},"KuPS vs Inter Turku":{"score":"1-0","home":0.4754214949126964,"draw":0.3066975771066647,"away":0.21724186790916594},"TPS vs VPS":{"score":"1-0","home":0.4790385638735887,"draw":0.30484459315014945,"away":0.21543985480731306},"FC Lahti vs Ilves":{"score":"1-0","home":0.4091575061935572,"draw":0.30330787592374,"away":0.28686728244590254},"AC Oulu vs FF Jaro":{"score":"1-0","home":0.4702951556826443,"draw":0.3050018091505278,"away":0.224031639902233},"Inter Turku vs AC Oulu":{"score":"1-0","home":0.4388918168199485,"draw":0.3014259348341405,"away":0.2589506344118588},"Ilves vs TPS":{"score":"1-0","home":0.3733473500328728,"draw":0.3005696920771743,"away":0.32537421294702706},"FF Jaro vs HJK":{"score":"1-0","home":0.3544637187156938,"draw":0.31782340158452604,"away":0.3273180189433549},"VPS vs KuPS":{"score":"0-1","home":0.21326791431162054,"draw":0.29925648491000667,"away":0.4866717174132273},"FC Lahti vs SJK":{"score":"1-0","home":0.4718216114966146,"draw":0.29445466354359834,"away":0.23279297874847818},"IFK Mariehamn vs IF Gnistan":{"score":"1-0","home":0.4253616322369755,"draw":0.31270369651494306,"away":0.2614295697839571},"HJK vs Inter Turku":{"score":"0-1","home":0.3291227293416976,"draw":0.31554860472359714,"away":0.3549026274571541},"Ilves vs FF Jaro":{"score":"1-0","home":0.4177106228146665,"draw":0.3108368651958763,"away":0.27092249987915207},"TPS vs KuPS":{"score":"0-1","home":0.2848356077950258,"draw":0.2918521599430097,"away":0.4223328392434191},"IF Gnistan vs FC Lahti":{"score":"1-2","home":0.3036667643361386,"draw":0.28818360480665417,"away":0.4070573252982844},"SJK vs VPS":{"score":"1-0","home":0.4899602945910541,