{"generatedAt":"2026-04-17T08:40:10.681Z","settings":{"rho":-0.13,"marketTrust":50,"halfLife":60,"formBoost":3},"predictions":{"Inter Turku vs VPS":{"score":"1-0","home":0.5090971069300314,"draw":0.3144456735268324,"away":0.17595257566993314},"HJK vs SJK":{"score":"1-0","home":0.46504548110228616,"draw":0.30662879570382323,"away":0.2276889688326025},"Ilves vs KuPS":{"score":"0-1","home":0.23048922115186835,"draw":0.2869559071490566,"away":0.48137660664564946},"FF Jaro vs FC Lahti":{"score":"1-0","home":0.3520522797785096,"draw":0.33152843489453615,"away":0.3161685937022878},"IFK Mariehamn vs TPS":{"score":"1-0","home":0.34395865422592437,"draw":0.32606594426701174,"away":0.3296763786743128},"IF Gnistan vs AC Oulu":{"score":"1-2","home":0.24457902423368297,"draw":0.2787459717475595,"away":0.47514659491736555},"TPS vs FC Lahti":{"score":"1-0","home":0.43061671462897694,"draw":0.3152157682128032,"away":0.25369685816038046},"SJK vs IFK Mariehamn":{"score":"1-0","home":0.5519564212124389,"draw":0.27853856740584865,"away":0.16810611450055835},"VPS vs FF Jaro":{"score":"1-0","home":0.3687021545613664,"draw":0.34807765949746633,"away":0.2830690116348818},"KuPS vs IF Gnistan":{"score":"1-0","home":0.5840545128202118,"draw":0.28760603388346656,"away":0.1274069971646894},"HJK vs AC Oulu":{"score":"1-0","home":0.3605752483316753,"draw":0.3196656402251779,"away":0.3193863928505472},"Inter Turku vs Ilves":{"score":"1-0","home":0.47548084430020093,"draw":0.3080109879249012,"away":0.21589408906758306},"IF Gnistan vs HJK":{"score":"0-1","home":0.21165809988901446,"draw":0.23218628714109205,"away":0.5561556129698936},"FF Jaro vs KuPS":{"score":"0-1","home":0.17609085881430916,"draw":0.24083633529028675,"away":0.5830728058954041},"AC Oulu vs VPS":{"score":"1-0","home":0.5392421603761658,"draw":0.26220899741450365,"away":0.19854884220933058},"FC Lahti vs Inter Turku":{"score":"0-1","home":0.2564596108276351,"draw":0.29254101447108566,"away":0.4509993747012792},"TPS vs SJK":{"score":"0-1","home":0.31968939272070257,"draw":0.26006809741403725,"away":0.4202425098652602},"IFK Mariehamn vs Ilves":{"score":"0-1","home":0.24460807292466547,"draw":0.2516694166300692,"away":0.5037225104452653},"KuPS vs AC Oulu":{"score":"1-0","home":0.5029763678703159,"draw":0.29890126737962075,"away":0.19731394402644248},"TPS vs IF Gnistan":{"score":"1-0","home":0.5006770274591785,"draw":0.29539444641724755,"away":0.2030271398877633},"VPS vs Ilves":{"score":"1-0","home":0.35612475152831435,"draw":0.32169176240634156,"away":0.321835915277677},"SJK vs FF Jaro":{"score":"1-0","home":0.46797478703450335,"draw":0.30802707040160765,"away":0.22338682844663088},"FC Lahti vs AC Oulu":{"score":"1-0","home":0.3622032242199766,"draw":0.304962122030635,"away":0.3322258653945466},"Inter Turku vs IFK Mariehamn":{"score":"1-0","home":0.5738936559925653,"draw":0.27100753583371595,"away":0.15344814708956445},"KuPS vs HJK":{"score":"1-0","home":0.5455001695357683,"draw":0.28704823826001485,"away":0.1663612932744968},"Inter Turku vs HJK":{"score":"1-0","home":0.4791949841145937,"draw":0.3007613572561112,"away":0.2192765486832077},"SJK vs Ilves":{"score":"1-0","home":0.47123042770791906,"draw":0.2878927328094492,"away":0.23973356237467314},"FF Jaro vs TPS":{"score":"1-0","home":0.34372986862924987,"draw":0.31803764374140076,"away":0.3378415744729652},"IFK Mariehamn vs VPS":{"score":"1-0","home":0.4068544114802974,"draw":0.32008513990299453,"away":0.2726708718350721},"AC Oulu vs KuPS":{"score":"1-2","home":0.3029030808228392,"draw":0.29356331245195133,"away":0.4026217831772169},"HJK vs FC Lahti":{"score":"1-0","home":0.4121465402562087,"draw":0.3085434632795924,"away":0.27874403547631527},"IF Gnistan vs Inter Turku":{"score":"0-1","home":0.2356442880976416,"draw":0.2809705043266392,"away":0.48196216729929303},"Ilves vs AC Oulu":{"score":"1-2","home":0.33285715179374675,"draw":0.28937040869700936,"away":0.37673893824419685},"TPS vs HJK":{"score":"1-0","home":0.4336932701643114,"draw":0.301593320700021,"away":0.26398947312703624},"KuPS vs SJK":{"score":"1-0","home":0.6076011768488022,"draw":0.26040888744987734,"away":0.13001238464901013},"Inter Turku vs FF Jaro":{"score":"1-0","home":0.5061179588087364,"draw":0.3036565336763432,"away":0.18952733883790765},"VPS vs IF Gnistan":{"score":"1-0","home":0.41171893038020546,"draw":0.32392534126105826,"away":0.26400725874024283},"FC Lahti vs IFK Mariehamn":{"score":"1-0","home":0.5032255060117734,"draw":0.28808862510394145,"away":0.20755772314855822},"HJK vs Ilves":{"score":"1-0","home":0.41624206581850126,"draw":0.3025643679200528,"away":0.2805047548189429},"IFK Mariehamn vs KuPS":{"score":"0-1","home":0.2208824521272566,"draw":0.28612406546670544,"away":0.4917867047791965},"SJK vs Inter Turku":{"score":"1-0","home":0.37342653941539783,"draw":0.30985732874300836,"away":0.3161957627674989},"AC Oulu vs TPS":{"score":"1-0","home":0.44182100987552114,"draw":0.29769360569101033,"away":0.2596599072464405},"IF Gnistan vs FF Jaro":{"score":"0-1","home":0.3373684765914829,"draw":0.306479555690323,"away":0.35557457466207365},"FC Lahti vs VPS":{"score":"1-0","home":0.4467609940647741,"draw":0.3143189105987977,"away":0.23842556547131694},"Ilves vs Inter Turku":{"score":"0-1","home":0.31236930420305664,"draw":0.3025873265554857,"away":0.3843759292307471},"KuPS vs FF Jaro":{"score":"1-0","home":0.5696296963854743,"draw":0.2869020719640642,"away":0.14245403357266528},"VPS vs HJK":{"score":"1-0","home":0.3553369337549985,"draw":0.32395357143587367,"away":0.32038712276973663},"Inter Turku vs TPS":{"score":"1-0","home":0.470027430962158,"draw":0.3020947820149534,"away":0.22714380230881578},"FF Jaro vs IFK Mariehamn":{"score":"1-0","home":0.44854928955887646,"draw":0.30611957346415214,"away":0.24469333183276737},"Ilves vs IF Gnistan":{"score":"1-0","home":0.45402947647645503,"draw":0.3001849419766996,"away":0.245014638274128},"KuPS vs FC Lahti":{"score":"1-0","home":0.5518761021800849,"draw":0.28428849555625685,"away":0.16266735867326862},"SJK vs AC Oulu":{"score":"1-0","home":0.4156781384779248,"draw":0.29954220534249715,"away":0.28402082011665775},"HJK vs IFK Mariehamn":{"score":"1-0","home":0.5115502113109607,"draw":0.2849682992909463,"away":0.20224716337712223},"IF Gnistan vs SJK":{"score":"2-1","home":0.37830344013412637,"draw":0.2907516340642778,"away":0.32995776682997996},"KuPS vs Inter Turku":{"score":"1-0","home":0.47499316373087574,"draw":0.3062777580483825,"away":0.21808191393640133},"TPS vs VPS":{"score":"1-0","home":0.4786203369616983,"draw":0.30441846677710577,"away":0.21627543306779093},"FC Lahti vs Ilves":{"score":"1-0","home":0.40819394521608043,"draw":0.3035439791250125,"away":0.28760050511197777},"AC Oulu vs FF Jaro":{"score":"1-0","home":0.46918377235562425,"draw":0.3047553689685817,"away":0.22538477590400335},"Inter Turku vs AC Oulu":{"score":"1-0","home":0.440295951832563,"draw":0.301223310014415,"away":0.25774342099395314},"Ilves vs TPS":{"score":"1-0","home":0.3750090408042953,"draw":0.3008936082545942,"away":0.3233956124171202},"FF Jaro vs HJK":{"score":"1-0","home":0.3562187372380166,"draw":0.31740936262474667,"away":0.32597123692091673},"VPS vs KuPS":{"score":"0-1","home":0.21436488842359133,"draw":0.29908208112644097,"away":0.4857448082883803},"FC Lahti vs SJK":{"score":"1-0","home":0.46892546170763566,"draw":0.2951153570233146,"away":0.23504829771047545},"IFK Mariehamn vs IF Gnistan":{"score":"1-0","home":0.424494311123285,"draw":0.31241417693392814,"away":0.26258243236843115},"HJK vs Inter Turku":{"score":"0-1","home":0.3290105388066712,"draw":0.315228838160471,"away":0.3553299413153416},"Ilves vs FF Jaro":{"score":"1-0","home":0.41879038925980994,"draw":0.31030319757914726,"away":0.27036659348537295},"TPS vs KuPS":{"score":"0-1","home":0.2852540704609307,"draw":0.29256753651420275,"away":0.42122235245172074},"IF Gnistan vs FC Lahti":{"score":"1-2","home":0.3064522979365192,"draw":0.289311698620318,"away":0.4031863276761413},"SJK vs VPS":{"score":"1-0",