{"generatedAt":"2026-04-16T08:30:12.565Z","settings":{"rho":-0.13,"marketTrust":50,"halfLife":60,"formBoost":3},"predictions":{"Inter Turku vs VPS":{"score":"1-0","home":0.5091340779083375,"draw":0.31455128507447605,"away":0.1758115772559692},"HJK vs SJK":{"score":"1-0","home":0.4656812816053267,"draw":0.30646179854465017,"away":0.22721662740011928},"Ilves vs KuPS":{"score":"0-1","home":0.2299462618746352,"draw":0.28659261755075455,"away":0.48226941461950196},"FF Jaro vs FC Lahti":{"score":"1-0","home":0.35187247176362635,"draw":0.3316055085292032,"away":0.3162719938095951},"IFK Mariehamn vs TPS":{"score":"1-0","home":0.34394769524122537,"draw":0.32608886785443836,"away":0.32966464272994406},"IF Gnistan vs AC Oulu":{"score":"1-2","home":0.2436166696782632,"draw":0.2782031144560336,"away":0.4766252891565322},"TPS vs FC Lahti":{"score":"1-0","home":0.43078179726247995,"draw":0.31516803096250895,"away":0.25357870387346576},"SJK vs IFK Mariehamn":{"score":"1-0","home":0.5530419762334775,"draw":0.27808389562855196,"away":0.16745940102289605},"VPS vs FF Jaro":{"score":"1-0","home":0.36862479029387274,"draw":0.3482695650105381,"away":0.28295539160553945},"KuPS vs IF Gnistan":{"score":"1-0","home":0.5843127480627233,"draw":0.2875848298303951,"away":0.12717048892765423},"HJK vs AC Oulu":{"score":"1-0","home":0.360410258538189,"draw":0.3196579459505944,"away":0.31955902366696726},"Inter Turku vs Ilves":{"score":"1-0","home":0.47571978066955045,"draw":0.3079571307404773,"away":0.21570794315330769},"IF Gnistan vs HJK":{"score":"0-1","home":0.21499744511666233,"draw":0.23497474057026008,"away":0.5500278143130777},"FF Jaro vs KuPS":{"score":"0-1","home":0.18057737317424202,"draw":0.2432184960509863,"away":0.5762041307747717},"AC Oulu vs VPS":{"score":"1-0","home":0.5350318214577486,"draw":0.25881148752889477,"away":0.20615669101335649},"FC Lahti vs Inter Turku":{"score":"0-1","home":0.26380042995978553,"draw":0.2955957905759037,"away":0.44060377946431084},"TPS vs SJK":{"score":"0-1","home":0.31969335520339937,"draw":0.2617810650040265,"away":0.41852557979257404},"IFK Mariehamn vs Ilves":{"score":"0-1","home":0.2509495882611799,"draw":0.24924892833533227,"away":0.4998014834034878},"KuPS vs AC Oulu":{"score":"1-0","home":0.5028980410633677,"draw":0.298961677490176,"away":0.19733331206710436},"TPS vs IF Gnistan":{"score":"1-0","home":0.5009975735583488,"draw":0.2953383647637018,"away":0.2027612834580675},"VPS vs Ilves":{"score":"1-0","home":0.3561570314015441,"draw":0.3217868259139802,"away":0.3217096570633359},"SJK vs FF Jaro":{"score":"1-0","home":0.4682059797973921,"draw":0.3080668564557576,"away":0.2231165005642839},"FC Lahti vs AC Oulu":{"score":"1-0","home":0.36184616733469677,"draw":0.3049282049249846,"away":0.33261622517573014},"Inter Turku vs IFK Mariehamn":{"score":"1-0","home":0.574416850131268,"draw":0.27082679333229237,"away":0.15309952445825145},"KuPS vs HJK":{"score":"1-0","home":0.5455567353186697,"draw":0.28709867948459944,"away":0.1662561522470127},"Inter Turku vs HJK":{"score":"1-0","home":0.47913932030174083,"draw":0.30081735912293106,"away":0.2192775378186695},"SJK vs Ilves":{"score":"1-0","home":0.47202162999400776,"draw":0.28765746248925894,"away":0.2391689558799157},"FF Jaro vs TPS":{"score":"1-0","home":0.34354055134541006,"draw":0.3181104007617924,"away":0.33795909375062144},"IFK Mariehamn vs VPS":{"score":"1-0","home":0.40681416012066896,"draw":0.32020735896406044,"away":0.27259042296611946},"AC Oulu vs KuPS":{"score":"1-2","home":0.3030975300917511,"draw":0.2934767738482845,"away":0.4025113445435429},"HJK vs FC Lahti":{"score":"1-0","home":0.4122923693525039,"draw":0.3085487435193935,"away":0.2785929173253191},"IF Gnistan vs Inter Turku":{"score":"0-1","home":0.235162788381738,"draw":0.28072380225322846,"away":0.48267938739802324},"Ilves vs AC Oulu":{"score":"1-2","home":0.33206452901864814,"draw":0.2891455562100399,"away":0.37774819138507304},"TPS vs HJK":{"score":"1-0","home":0.4336702795488228,"draw":0.3015865997750792,"away":0.2640190476660591},"KuPS vs SJK":{"score":"1-0","home":0.6081537283114841,"draw":0.26020509191432023,"away":0.12965670475972843},"Inter Turku vs FF Jaro":{"score":"1-0","home":0.5061560323624501,"draw":0.3037618799207477,"away":0.1893861583468254},"VPS vs IF Gnistan":{"score":"1-0","home":0.41175447292812545,"draw":0.3240660315734659,"away":0.2638325192811571},"FC Lahti vs IFK Mariehamn":{"score":"1-0","home":0.5037015152760406,"draw":0.2879598323549098,"away":0.20720636594255318},"HJK vs Ilves":{"score":"1-0","home":0.41658637465280124,"draw":0.3024977104993969,"away":0.2802253669078382},"IFK Mariehamn vs KuPS":{"score":"0-1","home":0.2206815779577046,"draw":0.2860012288049552,"away":0.49210590652923913},"SJK vs Inter Turku":{"score":"1-0","home":0.3737295976614489,"draw":0.30986204876160367,"away":0.31588794745408355},"AC Oulu vs TPS":{"score":"1-0","home":0.44221360374424196,"draw":0.29760039232577373,"away":0.25935780651044266},"IF Gnistan vs FF Jaro":{"score":"0-1","home":0.3370602284496508,"draw":0.30649638298782567,"away":0.35586628218461785},"FC Lahti vs VPS":{"score":"1-0","home":0.4467317473792274,"draw":0.3144355249637027,"away":0.23833997362870263},"Ilves vs Inter Turku":{"score":"0-1","home":0.3120288238329152,"draw":0.30251568686775937,"away":0.38478625494674557},"KuPS vs FF Jaro":{"score":"1-0","home":0.5697368405068792,"draw":0.28698292269102266,"away":0.14226901914411935},"VPS vs HJK":{"score":"1-0","home":0.3552065745872119,"draw":0.32408256207671066,"away":0.3203898879865981},"Inter Turku vs TPS":{"score":"1-0","home":0.47010587835821094,"draw":0.30211809378388527,"away":0.22704254263615864},"FF Jaro vs IFK Mariehamn":{"score":"1-0","home":0.44869646821606923,"draw":0.30615898252666846,"away":0.24450743009824283},"Ilves vs IF Gnistan":{"score":"1-0","home":0.4540260216378277,"draw":0.3002055307330974,"away":0.2449980020905194},"KuPS vs FC Lahti":{"score":"1-0","home":0.5520534411388125,"draw":0.2842894714629742,"away":0.16248967180390064},"SJK vs AC Oulu":{"score":"1-0","home":0.4158375854493483,"draw":0.29950774978880285,"away":0.28389486239900946},"HJK vs IFK Mariehamn":{"score":"1-0","home":0.5122045222158129,"draw":0.28476994712497206,"away":0.20178439174272222},"IF Gnistan vs SJK":{"score":"2-1","home":0.37849123479664515,"draw":0.29064531495118756,"away":0.32987268463656555},"KuPS vs Inter Turku":{"score":"1-0","home":0.47506353271643925,"draw":0.3063468139844452,"away":0.2179438296478606},"TPS vs VPS":{"score":"1-0","home":0.47869107180703113,"draw":0.30448766164409286,"away":0.21613693594508057},"FC Lahti vs Ilves":{"score":"1-0","home":0.40835264286458933,"draw":0.30350514963749664,"away":0.28747969189540884},"AC Oulu vs FF Jaro":{"score":"1-0","home":0.4693712560453701,"draw":0.3047944738217072,"away":0.22515892848646404},"Inter Turku vs AC Oulu":{"score":"1-0","home":0.44006317865645356,"draw":0.30125662792478275,"away":0.25794381686168205},"Ilves vs TPS":{"score":"1-0","home":0.3747350461916409,"draw":0.30084057616572435,"away":0.3237215014268887},"FF Jaro vs HJK":{"score":"1-0","home":0.35592889964148383,"draw":0.31747801371062095,"away":0.32619339300116473},"VPS vs KuPS":{"score":"0-1","home":0.21418219511426065,"draw":0.29910911957921316,"away":0.4859011364342554},"FC Lahti vs SJK":{"score":"1-0","home":0.4694023310923641,"draw":0.2950072522071757,"away":0.23467629659155692},"IFK Mariehamn vs IF Gnistan":{"score":"1-0","home":0.4246369696832916,"draw":0.31246190649839345,"away":0.26239270310689683},"HJK vs Inter Turku":{"score":"0-1","home":0.3290294131667785,"draw":0.3152813172067471,"away":0.3552593535572705},"Ilves vs FF Jaro":{"score":"1-0","home":0.4186093948404415,"draw":0.3103903931395007,"away":0.2704620097028041},"TPS vs KuPS":{"score":"0-1","home":0.2851850769774572,"draw":0.29244955708143827,"away":0.42140551151038097},"IF Gnistan vs FC Lahti":{"score":"1-2","home":0.3059921051450972,"draw":0.2891266061290415,"away":0.4038247273495943},"SJK vs VPS":{"score":"1-0",