{"generatedAt":"2026-04-11T08:00:10.687Z","settings":{"rho":-0.13,"marketTrust":50,"halfLife":60,"formBoost":3},"predictions":{"Inter Turku vs VPS":{"score":"1-0","home":0.5143348111944924,"draw":0.2998492416374137,"away":0.18503803261314394},"HJK vs SJK":{"score":"1-0","home":0.5069812702870499,"draw":0.2830691207580705,"away":0.20863406318968764},"Ilves vs KuPS":{"score":"0-1","home":0.2911149517050434,"draw":0.29660146359424544,"away":0.4114521122473564},"FF Jaro vs FC Lahti":{"score":"1-0","home":0.36790123744311937,"draw":0.31554584612523756,"away":0.316123567020112},"IFK Mariehamn vs TPS":{"score":"1-0","home":0.35191663141799545,"draw":0.3118169750933835,"away":0.3357841583051894},"IF Gnistan vs AC Oulu":{"score":"1-2","home":0.33356486950640524,"draw":0.28706134374314873,"away":0.3782561309505375},"TPS vs FC Lahti":{"score":"1-0","home":0.443011578806763,"draw":0.3017225342328134,"away":0.2545381646960167},"SJK vs IFK Mariehamn":{"score":"1-0","home":0.5457615089783128,"draw":0.27232926758512344,"away":0.1801787172080797},"VPS vs FF Jaro":{"score":"1-0","home":0.38383614270210153,"draw":0.3276818002639147,"away":0.2881869944702121},"KuPS vs IF Gnistan":{"score":"2-0","home":0.6827388924761945,"draw":0.19440570124803397,"away":0.12285540627577163},"HJK vs AC Oulu":{"score":"1-0","home":0.5639672252212435,"draw":0.23013848158324868,"away":0.2058942931955078},"Inter Turku vs Ilves":{"score":"1-0","home":0.4440133497728443,"draw":0.2892418010748532,"away":0.26674484915230245},"IF Gnistan vs HJK":{"score":"1-2","home":0.32596692857977655,"draw":0.28103824889876217,"away":0.39161956543391985},"FF Jaro vs KuPS":{"score":"0-1","home":0.220731444401514,"draw":0.28742148083854296,"away":0.4906878750201034},"AC Oulu vs VPS":{"score":"1-0","home":0.4850009861556652,"draw":0.29020374265916377,"away":0.22373125977027614},"FC Lahti vs Inter Turku":{"score":"0-1","home":0.33951444311959306,"draw":0.30296846413045747,"away":0.3568670985345058},"TPS vs SJK":{"score":"1-0","home":0.5020006090200917,"draw":0.2826017910626557,"away":0.2140573393737798},"IFK Mariehamn vs Ilves":{"score":"0-1","home":0.3366387836316774,"draw":0.29934339119341574,"away":0.3632822770363666},"KuPS vs AC Oulu":{"score":"2-0","home":0.5518552567949732,"draw":0.25654340160745204,"away":0.18877958103101777},"TPS vs IF Gnistan":{"score":"2-1","home":0.525468550602941,"draw":0.2633771092050286,"away":0.20875715565632408},"VPS vs Ilves":{"score":"0-1","home":0.34023579913916097,"draw":0.3033763772677805,"away":0.35574684046715943},"SJK vs FF Jaro":{"score":"1-0","home":0.47716388167599005,"draw":0.29239356144225676,"away":0.2294488814711785},"FC Lahti vs AC Oulu":{"score":"2-1","home":0.413185977477435,"draw":0.28565100803076016,"away":0.2999708623959838},"Inter Turku vs IFK Mariehamn":{"score":"1-0","home":0.5643048774492747,"draw":0.26545624218992836,"away":0.16819683814805772},"KuPS vs HJK":{"score":"2-0","home":0.5399439298592436,"draw":0.2627354407499319,"away":0.19493982402322377},"Inter Turku vs HJK":{"score":"1-0","home":0.4541636267045937,"draw":0.2888697448654777,"away":0.2558649180610518},"SJK vs Ilves":{"score":"2-1","home":0.4508877289087864,"draw":0.28003980974640874,"away":0.2676121244352575},"FF Jaro vs TPS":{"score":"1-0","home":0.3578037997146104,"draw":0.30255351804243824,"away":0.33898340889607137},"IFK Mariehamn vs VPS":{"score":"1-0","home":0.42366024570711264,"draw":0.3023036982182788,"away":0.27333581671010304},"AC Oulu vs KuPS":{"score":"1-2","home":0.29181127705744486,"draw":0.2794343225139294,"away":0.4272800334076493},"HJK vs FC Lahti":{"score":"1-0","home":0.461966359664645,"draw":0.28594080811396544,"away":0.2508795836243575},"IF Gnistan vs Inter Turku":{"score":"1-2","home":0.3014623818752165,"draw":0.28374466610601085,"away":0.4135231098419479},"Ilves vs AC Oulu":{"score":"2-1","home":0.4255793789199007,"draw":0.2774604472944125,"away":0.2953879970921931},"TPS vs HJK":{"score":"2-1","home":0.42782453542318394,"draw":0.2842577090807132,"away":0.28665861718589564},"KuPS vs SJK":{"score":"2-0","home":0.6230409450865616,"draw":0.23728097977770884,"away":0.1357746339212334},"Inter Turku vs FF Jaro":{"score":"1-0","home":0.5082069971155431,"draw":0.2899822505004039,"away":0.2007512188002047},"VPS vs IF Gnistan":{"score":"1-0","home":0.4301332018365113,"draw":0.29400104945304306,"away":0.2749462411959308},"FC Lahti vs IFK Mariehamn":{"score":"1-0","home":0.5110743422655696,"draw":0.2756746270667935,"away":0.2115975926446898},"HJK vs Ilves":{"score":"2-1","home":0.4467062813729149,"draw":0.2822630733653017,"away":0.2696737581722352},"IFK Mariehamn vs KuPS":{"score":"0-1","home":0.23880543925213252,"draw":0.2812250202754375,"away":0.4785573294730552},"SJK vs Inter Turku":{"score":"2-1","home":0.4034819184465442,"draw":0.29027853836434536,"away":0.30522270173011634},"AC Oulu vs TPS":{"score":"2-1","home":0.41587539901278503,"draw":0.28561462992400843,"away":0.29731440459349756},"IF Gnistan vs FF Jaro":{"score":"1-0","home":0.39007774031403064,"draw":0.2976785079842075,"away":0.3114552070167909},"FC Lahti vs VPS":{"score":"1-0","home":0.46851757984091447,"draw":0.2954329288818976,"away":0.23514772802541153},"Ilves vs Inter Turku":{"score":"2-1","home":0.3834089160134353,"draw":0.2902091281943364,"away":0.325374466854293},"KuPS vs FF Jaro":{"score":"1-0","home":0.5891396014559231,"draw":0.26074545952528844,"away":0.14796046557253087},"VPS vs HJK":{"score":"0-1","home":0.3440190449567199,"draw":0.3021989785408713,"away":0.35311528262483216},"Inter Turku vs TPS":{"score":"1-0","home":0.46354516918498756,"draw":0.2922480228418758,"away":0.24321243241272894},"FF Jaro vs IFK Mariehamn":{"score":"1-0","home":0.459638612066567,"draw":0.29112809693512876,"away":0.24820497777628464},"Ilves vs IF Gnistan":{"score":"2-1","home":0.50958645616509,"draw":0.2665539852155284,"away":0.22164690516874122},"KuPS vs FC Lahti":{"score":"2-0","home":0.5677969023472891,"draw":0.25985088596498646,"away":0.16993523084851578},"SJK vs AC Oulu":{"score":"2-1","home":0.46257357294119217,"draw":0.2781713147890125,"away":0.25769947647787744},"HJK vs IFK Mariehamn":{"score":"2-0","home":0.5570149323783462,"draw":0.2594827952412761,"away":0.18097156018507743},"IF Gnistan vs SJK":{"score":"2-1","home":0.41696937717410376,"draw":0.2837235969258148,"away":0.29803378691769117},"KuPS vs Inter Turku":{"score":"1-0","home":0.5132861037206927,"draw":0.2724628772393908,"away":0.21242518966976381},"TPS vs VPS":{"score":"1-0","home":0.4985912010535318,"draw":0.2865901334487423,"away":0.2136330832108587},"FC Lahti vs Ilves":{"score":"2-1","home":0.40050276998696227,"draw":0.29102110364029726,"away":0.3074859383782421},"AC Oulu vs FF Jaro":{"score":"1-0","home":0.45125092025448266,"draw":0.2911447858318692,"away":0.2565811342857787},"Inter Turku vs AC Oulu":{"score":"1-0","home":0.4742226196602069,"draw":0.282296473879122,"away":0.24211573148290014},"Ilves vs TPS":{"score":"2-1","home":0.4261677061143663,"draw":0.28882498929467126,"away":0.28392351574411057},"FF Jaro vs HJK":{"score":"1-2","home":0.34855091657403164,"draw":0.296719975907358,"away":0.35392669701453916},"VPS vs KuPS":{"score":"0-1","home":0.23067423274778986,"draw":0.28979758538185063,"away":0.4784503743713627},"FC Lahti vs SJK":{"score":"1-0","home":0.4724879897048742,"draw":0.2833447244506084,"away":0.2428469003174093},"IFK Mariehamn vs IF Gnistan":{"score":"2-1","home":0.4460949012687275,"draw":0.2822436246342773,"away":0.27030410158137924},"HJK vs Inter Turku":{"score":"2-1","home":0.40195018232374624,"draw":0.2914035291010199,"away":0.3056675831404836},"Ilves vs FF Jaro":{"score":"1-0","home":0.4732921960039428,"draw":0.290761873291585,"away":0.234900872261173},"TPS vs KuPS":{"score":"1-2","home":0.30826959916239527,"draw":0.28701115465752775,"away":0.4035861585689582},"IF Gnistan vs FC Lahti":{"score":"2-1","home":0.3593325161061297,"draw":0.28825789379310174,"away":0.35134032580642854},"SJK vs VPS":{"score":"1-0","home":0.49991423988697314,