{"generatedAt":"2026-04-15T08:00:11.868Z","settings":{"rho":-0.13,"marketTrust":50,"halfLife":60,"formBoost":3},"predictions":{"Inter Turku vs VPS":{"score":"1-0","home":0.5091708677143447,"draw":0.31465752635012056,"away":0.17567013416234997},"HJK vs SJK":{"score":"1-0","home":0.4663204272876083,"draw":0.30629322392184943,"away":0.2267424740203725},"Ilves vs KuPS":{"score":"0-1","home":0.22940022771506163,"draw":0.28622624048474815,"away":0.48316814407926995},"FF Jaro vs FC Lahti":{"score":"1-0","home":0.3516916926722951,"draw":0.331682982276227,"away":0.31637596639397925},"IFK Mariehamn vs TPS":{"score":"1-0","home":0.34393667739766576,"draw":0.32611191435249065,"away":0.3296528437798414},"IF Gnistan vs AC Oulu":{"score":"1-2","home":0.24264979550811644,"draw":0.27765476285383883,"away":0.4781133560628674},"TPS vs FC Lahti":{"score":"1-0","home":0.4309477045684673,"draw":0.31512002842376313,"away":0.2534599846253404},"SJK vs IFK Mariehamn":{"score":"1-0","home":0.5541333796625775,"draw":0.2776251341031925,"away":0.16681065322235664},"VPS vs FF Jaro":{"score":"1-0","home":0.3685471294147884,"draw":0.3484621871651846,"away":0.2828413490968931},"KuPS vs IF Gnistan":{"score":"1-0","home":0.5845716179457635,"draw":0.2875634844523984,"away":0.12693348951670538},"HJK vs AC Oulu":{"score":"1-0","home":0.36024484225560455,"draw":0.31965039346265783,"away":0.3197319406907914},"Inter Turku vs Ilves":{"score":"1-0","home":0.4759599229932736,"draw":0.30790292372644196,"away":0.2155209336044207},"IF Gnistan vs HJK":{"score":"0-1","home":0.21474388696626803,"draw":0.23542194625811874,"away":0.5498341667756133},"FF Jaro vs KuPS":{"score":"0-1","home":0.1805384180946416,"draw":0.24483781337719618,"away":0.5746237685281622},"AC Oulu vs VPS":{"score":"1-0","home":0.5395618047138148,"draw":0.2634750226812884,"away":0.1969631726048968},"FC Lahti vs Inter Turku":{"score":"0-1","home":0.2674272717304013,"draw":0.2943257235581253,"away":0.4382470047114734},"TPS vs SJK":{"score":"0-1","home":0.3273331991135672,"draw":0.2651683557547549,"away":0.4074984451316779},"IFK Mariehamn vs Ilves":{"score":"0-1","home":0.2439940721050415,"draw":0.2526160513450212,"away":0.5033898765499373},"KuPS vs AC Oulu":{"score":"1-0","home":0.5028206814829521,"draw":0.29902242252549316,"away":0.19735138415036432},"TPS vs IF Gnistan":{"score":"1-0","home":0.5013197463665475,"draw":0.29528184854348927,"away":0.20249422502462194},"VPS vs Ilves":{"score":"1-0","home":0.35618866018255324,"draw":0.32188266656056624,"away":0.3215832782304236},"SJK vs FF Jaro":{"score":"1-0","home":0.468436181014619,"draw":0.30810738875430294,"away":0.2228464321041307},"FC Lahti vs AC Oulu":{"score":"1-0","home":0.36148749592210183,"draw":0.30489389018947943,"away":0.33300858654544924},"Inter Turku vs IFK Mariehamn":{"score":"1-0","home":0.5749421831273849,"draw":0.27064488454701496,"away":0.15274987797436532},"KuPS vs HJK":{"score":"1-0","home":0.5456139449295211,"draw":0.287149360931815,"away":0.16615013394587327},"Inter Turku vs HJK":{"score":"1-0","home":0.4790835008851853,"draw":0.3008736769305694,"away":0.2192783717667633},"SJK vs Ilves":{"score":"1-0","home":0.47281775775167884,"draw":0.2874199128411105,"away":0.2386015733049098},"FF Jaro vs TPS":{"score":"1-0","home":0.34335024149189475,"draw":0.31818351997221694,"away":0.3380772454854025},"IFK Mariehamn vs VPS":{"score":"1-0","home":0.4067736667784165,"draw":0.320330295924168,"away":0.2725095008834475},"AC Oulu vs KuPS":{"score":"1-2","home":0.3032933818276268,"draw":0.293390083342031,"away":0.4023996437835173},"HJK vs FC Lahti":{"score":"1-0","home":0.4124389536062034,"draw":0.30855401322704,"away":0.278441053734423},"IF Gnistan vs Inter Turku":{"score":"0-1","home":0.23467961867312975,"draw":0.28047555580209527,"away":0.4833996888871238},"Ilves vs AC Oulu":{"score":"1-2","home":0.33126739410314937,"draw":0.28891785795923547,"away":0.3787646257082336},"TPS vs HJK":{"score":"1-0","home":0.4336468107383487,"draw":0.3015799893443975,"away":0.26404899276722227},"KuPS vs SJK":{"score":"1-0","home":0.6087080866327916,"draw":0.26000008623593407,"away":0.12930037399760588},"Inter Turku vs FF Jaro":{"score":"1-0","home":0.5061939183722625,"draw":0.30386784657571475,"away":0.18924455025438452},"VPS vs IF Gnistan":{"score":"1-0","home":0.4117895139886133,"draw":0.3242074165207091,"away":0.2636575874048276},"FC Lahti vs IFK Mariehamn":{"score":"1-0","home":0.5041798346554931,"draw":0.2878301525390945,"away":0.20685355031815125},"HJK vs Ilves":{"score":"1-0","home":0.4169326991502214,"draw":0.30243046546047864,"away":0.27994453257457513},"IFK Mariehamn vs KuPS":{"score":"0-1","home":0.2204798650650153,"draw":0.2858777541942822,"away":0.4924265484028546},"SJK vs Inter Turku":{"score":"1-0","home":0.37403351559866344,"draw":0.30986687760285364,"away":0.3155791640280706},"AC Oulu vs TPS":{"score":"1-0","home":0.4426080741531822,"draw":0.29750655976114504,"away":0.25905442429154146},"IF Gnistan vs FF Jaro":{"score":"0-1","home":0.3367527909745868,"draw":0.30651401327392536,"away":0.35615639036052216},"FC Lahti vs VPS":{"score":"1-0","home":0.4467023481413004,"draw":0.31455282464188317,"away":0.23825385265705235},"Ilves vs Inter Turku":{"score":"0-1","home":0.31168684230609384,"draw":0.3024434757295058,"away":0.3851986337440264},"KuPS vs FF Jaro":{"score":"1-0","home":0.5698437982298721,"draw":0.2870642978414182,"away":0.1420836741796104},"VPS vs HJK":{"score":"1-0","home":0.3550761419383843,"draw":0.3242122762164356,"away":0.32039200467628465},"Inter Turku vs TPS":{"score":"1-0","home":0.4701847306395991,"draw":0.3021415163492065,"away":0.22694076934236435},"FF Jaro vs IFK Mariehamn":{"score":"1-0","home":0.4488428761208397,"draw":0.30619920050735716,"away":0.2443215058770141},"Ilves vs IF Gnistan":{"score":"1-0","home":0.4540239242557815,"draw":0.3002263773225328,"away":0.24497975568089517},"KuPS vs FC Lahti":{"score":"1-0","home":0.5522317224803436,"draw":0.2842903877226963,"away":0.162311104778423},"SJK vs AC Oulu":{"score":"1-0","home":0.4159982590054532,"draw":0.29947360835363496,"away":0.28376736967958266},"HJK vs IFK Mariehamn":{"score":"1-0","home":0.5128621320566283,"draw":0.2845699021779717,"away":0.2013199343688435},"IF Gnistan vs SJK":{"score":"2-1","home":0.3786822157839227,"draw":0.29053915340579184,"away":0.32978424933048156},"KuPS vs Inter Turku":{"score":"1-0","home":0.47513431116754895,"draw":0.3064162378695874,"away":0.21780497207227145},"TPS vs VPS":{"score":"1-0","home":0.47876141440242437,"draw":0.30455758044120734,"away":0.2159981190990934},"FC Lahti vs Ilves":{"score":"1-0","home":0.4085121059989442,"draw":0.30346611039217997,"away":0.2873583166406105},"AC Oulu vs FF Jaro":{"score":"1-0","home":0.46955788655336533,"draw":0.30483435187754665,"away":0.22493317688169145},"Inter Turku vs AC Oulu":{"score":"1-0","home":0.43982988305812837,"draw":0.3012901267933099,"away":0.25814455820248655},"Ilves vs TPS":{"score":"1-0","home":0.374459855364645,"draw":0.30078716228360153,"away":0.3240489565271747},"FF Jaro vs HJK":{"score":"1-0","home":0.35563797552015897,"draw":0.3175468136022981,"away":0.3264164859184969},"VPS vs KuPS":{"score":"0-1","home":0.21399942357562524,"draw":0.29913695407757357,"away":0.4860567664074164},"FC Lahti vs SJK":{"score":"1-0","home":0.46988155040842006,"draw":0.29489834340417187,"away":0.23430272012910341},"IFK Mariehamn vs IF Gnistan":{"score":"1-0","home":0.4247803911206803,"draw":0.312509848090512,"away":0.2622020006546625},"HJK vs Inter Turku":{"score":"0-1","home":0.3290482214989801,"draw":0.3153341230793999,"away":0.35518850833221527},"Ilves vs FF Jaro":{"score":"1-0","home":0.4184287788253335,"draw":0.3104782841631727,"away":0.2705563590286156},"TPS vs KuPS":{"score":"0-1","home":0.28511577976339103,"draw":0.2923310712266858,"away":0.4215894495510724},"IF Gnistan vs FC Lahti":{"score":"1-2","home":0.30553025650662236,"draw":0.28894033959253546,"away":0.40446587028327685},"SJK vs VPS":{"score":"1-0","home":0.4890188564839999,