{"generatedAt":"2026-04-14T20:30:21.644Z","settings":{"rho":-0.13,"marketTrust":50,"halfLife":60,"formBoost":3},"predictions":{"Inter Turku vs VPS":{"score":"1-0","home":0.5092074688048194,"draw":0.31476439603072837,"away":0.17552825515665144},"HJK vs SJK":{"score":"1-0","home":0.4669628989866877,"draw":0.3061230668219545,"away":0.2262665324279396},"Ilves vs KuPS":{"score":"0-1","home":0.2288511359974833,"draw":0.28585676902659796,"away":0.4840727802609921},"FF Jaro vs FC Lahti":{"score":"1-0","home":0.35150994681900816,"draw":0.33176085402570243,"away":0.3164805092075372},"IFK Mariehamn vs TPS":{"score":"1-0","home":0.34392560096182334,"draw":0.3261350832003734,"away":0.3296409821098966},"IF Gnistan vs AC Oulu":{"score":"1-2","home":0.24167845560490805,"draw":0.2771009001142051,"away":0.4796107428712208},"TPS vs FC Lahti":{"score":"1-0","home":0.4311144315389327,"draw":0.3150717616547704,"away":0.25334070436536565},"SJK vs IFK Mariehamn":{"score":"1-0","home":0.5552305883771439,"draw":0.2771622777037381,"away":0.16615991456603316},"VPS vs FF Jaro":{"score":"1-0","home":0.36846917648018657,"draw":0.3486555144748533,"away":0.2827268909581493},"KuPS vs IF Gnistan":{"score":"1-0","home":0.5848311028927391,"draw":0.28754199920143336,"away":0.1266960170378635},"HJK vs AC Oulu":{"score":"1-0","home":0.36007901036114615,"draw":0.31964298635759625,"away":0.31990512948872835},"Inter Turku vs Ilves":{"score":"1-0","home":0.4762012641599663,"draw":0.30784836733268645,"away":0.21533306708019065},"IF Gnistan vs HJK":{"score":"0-1","home":0.21283445386469443,"draw":0.2355846385752797,"away":0.5515809075600259},"FF Jaro vs KuPS":{"score":"0-1","home":0.17871179138713397,"draw":0.2458073849059314,"away":0.5754808237069347},"AC Oulu vs VPS":{"score":"1-0","home":0.5407319194000892,"draw":0.2635659486741749,"away":0.19570213192573582},"FC Lahti vs Inter Turku":{"score":"0-1","home":0.27801222521672714,"draw":0.28839854634095297,"away":0.43358922844231984},"TPS vs SJK":{"score":"0-1","home":0.3282684139119331,"draw":0.25471209988535076,"away":0.41701948620271617},"IFK Mariehamn vs Ilves":{"score":"0-1","home":0.24485088054926946,"draw":0.25100646454967246,"away":0.5041426549010581},"KuPS vs AC Oulu":{"score":"1-0","home":0.5027443137421668,"draw":0.2990835017362764,"away":0.19736813635270056},"TPS vs IF Gnistan":{"score":"1-0","home":0.501643536392947,"draw":0.29522489718235667,"away":0.20222597465339484},"VPS vs Ilves":{"score":"1-0","home":0.356219622978029,"draw":0.3219792871427962,"away":0.32145679083585343},"SJK vs FF Jaro":{"score":"1-0","home":0.468665346897265,"draw":0.30814867841466553,"away":0.22257665589879114},"FC Lahti vs AC Oulu":{"score":"1-0","home":0.3611272234397198,"draw":0.3048591756516681,"away":0.33340293810692534},"Inter Turku vs IFK Mariehamn":{"score":"1-0","home":0.5754696305784083,"draw":0.2704618125984156,"away":0.1523992287633299},"KuPS vs HJK":{"score":"1-0","home":0.545671802778206,"draw":0.28720028071070175,"away":0.16604323575934907},"Inter Turku vs HJK":{"score":"1-0","home":0.47902752957436595,"draw":0.30093030960943645,"away":0.21927904782619825},"SJK vs Ilves":{"score":"1-0","home":0.473618797227762,"draw":0.2871800743611823,"away":0.23803143609906055},"FF Jaro vs TPS":{"score":"1-0","home":0.3431589441214836,"draw":0.31825699913059063,"away":0.33819602680370164},"IFK Mariehamn vs VPS":{"score":"1-0","home":0.4067329319982686,"draw":0.32045394886443185,"away":0.27242810685450897},"AC Oulu vs KuPS":{"score":"1-2","home":0.30349063758049033,"draw":0.2933032470931832,"away":0.40228667330913753},"HJK vs FC Lahti":{"score":"1-0","home":0.4125862889854607,"draw":0.30855927167983915,"away":0.278288449447978},"IF Gnistan vs Inter Turku":{"score":"0-1","home":0.2341948039277217,"draw":0.28022576959120754,"away":0.4841230409826979},"Ilves vs AC Oulu":{"score":"1-2","home":0.3304657714288995,"draw":0.2886872929654305,"away":0.37978823413535934},"TPS vs HJK":{"score":"1-0","home":0.4336228585719605,"draw":0.3015734918806148,"away":0.2640793111812254},"KuPS vs SJK":{"score":"1-0","home":0.6092642184999272,"draw":0.2597938768420446,"away":0.12894341914598212},"Inter Turku vs FF Jaro":{"score":"1-0","home":0.5062316090539196,"draw":0.3039744321959022,"away":0.1891025236490454},"VPS vs IF Gnistan":{"score":"1-0","home":0.41182404053859306,"draw":0.3243494917122603,"away":0.26348248041514916},"FC Lahti vs IFK Mariehamn":{"score":"1-0","home":0.504660448244573,"draw":0.2876995862713305,"away":0.20649929144915935},"HJK vs Ilves":{"score":"1-0","home":0.41728103325121957,"draw":0.3023626307557733,"away":0.2796622597938437},"IFK Mariehamn vs KuPS":{"score":"0-1","home":0.2202773218829388,"draw":0.2857536451721237,"away":0.4927486183306821},"SJK vs Inter Turku":{"score":"1-0","home":0.37433827320172647,"draw":0.3098718176868297,"away":0.31526943013819636},"AC Oulu vs TPS":{"score":"1-0","home":0.4430044076319881,"draw":0.2974121088303159,"away":0.2587497731331308},"IF Gnistan vs FF Jaro":{"score":"0-1","home":0.336446207928229,"draw":0.30653246227181646,"away":0.3564448400087888},"FC Lahti vs VPS":{"score":"1-0","home":0.4466727971457011,"draw":0.3146708078140893,"away":0.2381672034607771},"Ilves vs Inter Turku":{"score":"0-1","home":0.31134337298335424,"draw":0.30237069238171477,"away":0.38561305288855585},"KuPS vs FF Jaro":{"score":"1-0","home":0.5699505533325713,"draw":0.28714619776840167,"away":0.1418980143660975},"VPS vs HJK":{"score":"1-0","home":0.3549456496541155,"draw":0.3243427114364897,"away":0.32039346130930335},"Inter Turku vs TPS":{"score":"1-0","home":0.4702639856186685,"draw":0.30216504891992735,"away":0.22683848538524354},"FF Jaro vs IFK Mariehamn":{"score":"1-0","home":0.44898848364001476,"draw":0.30624023790381444,"away":0.24413557846697642},"Ilves vs IF Gnistan":{"score":"1-0","home":0.45402320687999426,"draw":0.30024748365762793,"away":0.24495987460298818},"KuPS vs FC Lahti":{"score":"1-0","home":0.5524109416847696,"draw":0.28429124328225863,"away":0.16213166314478042},"SJK vs AC Oulu":{"score":"1-0","home":0.41616016217557816,"draw":0.29943978914394304,"away":0.28363833104464},"HJK vs IFK Mariehamn":{"score":"1-0","home":0.5135230186422243,"draw":0.28436816139787824,"away":0.20085381577163688},"IF Gnistan vs SJK":{"score":"2-1","home":0.3788764142097774,"draw":0.2904331603743045,"away":0.32969241919679804},"KuPS vs Inter Turku":{"score":"1-0","home":0.4752054979000938,"draw":0.3064860279650968,"away":0.21766534405826862},"TPS vs VPS":{"score":"1-0","home":0.4788313498902302,"draw":0.3046282281100587,"away":0.2158589924543407},"FC Lahti vs Ilves":{"score":"1-0","home":0.4086723293744067,"draw":0.3034268623639066,"away":0.28723638362155984},"AC Oulu vs FF Jaro":{"score":"1-0","home":0.46974362798164127,"draw":0.3048750137658835,"away":0.22470754652189026},"Inter Turku vs AC Oulu":{"score":"1-0","home":0.43959608190416166,"draw":0.3013238067738227,"away":0.2583456279702318},"Ilves vs TPS":{"score":"1-0","home":0.3741834791376082,"draw":0.3007333667223053,"away":0.3243779667133202},"FF Jaro vs HJK":{"score":"1-0","home":0.35534597990401046,"draw":0.31761575735860803,"away":0.3266405054976123},"VPS vs KuPS":{"score":"0-1","home":0.21381659166309303,"draw":0.2991655962240994,"away":0.4862116689721006},"FC Lahti vs SJK":{"score":"1-0","home":0.4703631042384326,"draw":0.2947886302786837,"away":0.2339275839554756},"IFK Mariehamn vs IF Gnistan":{"score":"1-0","home":0.42492457187095173,"draw":0.3125579998338365,"away":0.2620103304138749},"HJK vs Inter Turku":{"score":"0-1","home":0.3290669605572067,"draw":0.3153872553099775,"away":0.3551174093241286},"Ilves vs FF Jaro":{"score":"1-0","home":0.41824856729063353,"draw":0.31056687379919323,"away":0.27064961217763595},"TPS vs KuPS":{"score":"0-1","home":0.2850461814805476,"draw":0.29221208368643964,"away":0.4217741590856907},"IF Gnistan vs FC Lahti":{"score":"1-2","home":0.3050667747703477,"draw":0.28875290242618146,"away":0.40510972947895424},"SJK vs VPS":{"score":"1-0",