{"generatedAt":"2026-04-13T08:00:16.760Z","settings":{"rho":-0.13,"marketTrust":50,"halfLife":60,"formBoost":3},"predictions":{"Inter Turku vs VPS":{"score":"1-0","home":0.509243873588118,"draw":0.3148718926961762,"away":0.17538594915085645},"HJK vs SJK":{"score":"1-0","home":0.4676086768375281,"draw":0.30595132246950124,"away":0.22578882682114013},"Ilves vs KuPS":{"score":"0-1","home":0.22829900478228107,"draw":0.28548419673652137,"away":0.4849833071114585},"FF Jaro vs FC Lahti":{"score":"1-0","home":0.3513272386951233,"draw":0.3318391215920996,"away":0.31658561990067874},"IFK Mariehamn vs TPS":{"score":"1-0","home":0.34391446621099875,"draw":0.32615837381486723,"away":0.32962905801748527},"IF Gnistan vs AC Oulu":{"score":"1-2","home":0.24070270534391114,"draw":0.27654151050867004,"away":0.48111739387287983},"TPS vs FC Lahti":{"score":"1-0","home":0.43128197300531096,"draw":0.3150232317617952,"away":0.25322086715620323},"SJK vs IFK Mariehamn":{"score":"1-0","home":0.5563335576302811,"draw":0.27669532215381126,"away":0.16550722922523925},"VPS vs FF Jaro":{"score":"1-0","home":0.36839093614607266,"draw":0.348849535209255,"away":0.2826120241829306},"KuPS vs IF Gnistan":{"score":"1-0","home":0.585091183048039,"draw":0.2875203755934264,"away":0.12645808981179338},"HJK vs AC Oulu":{"score":"1-0","home":0.35991277387274173,"draw":0.31963572825059616,"away":0.3200785754681292},"Inter Turku vs Ilves":{"score":"1-0","home":0.47644379682379306,"draw":0.30779346206617414,"away":0.21514435041832705},"IF Gnistan vs HJK":{"score":"0-1","home":0.21536927818746,"draw":0.23390887094158302,"away":0.5507218508709569},"FF Jaro vs KuPS":{"score":"0-1","home":0.18922254295483348,"draw":0.24464075464140306,"away":0.5661367024037635},"AC Oulu vs VPS":{"score":"1-0","home":0.5379605002720746,"draw":0.26267645540319073,"away":0.19936304432473462},"FC Lahti vs Inter Turku":{"score":"0-1","home":0.2779834047454636,"draw":0.2884098347254564,"away":0.43360676052908004},"TPS vs SJK":{"score":"0-1","home":0.3284800633463896,"draw":0.2546378366425432,"away":0.4168821000110672},"IFK Mariehamn vs Ilves":{"score":"0-1","home":0.24957338023306055,"draw":0.24719569702039765,"away":0.5032309227465418},"KuPS vs AC Oulu":{"score":"1-0","home":0.5026689625351785,"draw":0.29914491432049156,"away":0.19738354472080125},"TPS vs IF Gnistan":{"score":"1-0","home":0.5019689338292544,"draw":0.29516751016931164,"away":0.20195654266611293},"VPS vs Ilves":{"score":"1-0","home":0.3562499048440827,"draw":0.3220766903873841,"away":0.32133020705574594},"SJK vs FF Jaro":{"score":"1-0","home":0.46889343338245887,"draw":0.30819073660916746,"away":0.22230720499834575},"FC Lahti vs AC Oulu":{"score":"1-0","home":0.36076536368674367,"draw":0.3048240591896038,"away":0.33379926807159277},"Inter Turku vs IFK Mariehamn":{"score":"1-0","home":0.5759991675559655,"draw":0.2702775808434411,"away":0.1520475982457828},"KuPS vs HJK":{"score":"1-0","home":0.5457303132257315,"draw":0.2872514368749785,"away":0.1659354551782756},"Inter Turku vs HJK":{"score":"1-0","home":0.4789714101330241,"draw":0.3009872560364423,"away":0.21927956329368986},"SJK vs Ilves":{"score":"1-0","home":0.4744247336952085,"draw":0.286937937844225,"away":0.23745856636977594},"FF Jaro vs TPS":{"score":"1-0","home":0.3429666644737184,"draw":0.31833083592364664,"away":0.338315434715723},"IFK Mariehamn vs VPS":{"score":"1-0","home":0.40669195636396177,"draw":0.3205783157477599,"away":0.2723462422250629},"AC Oulu vs KuPS":{"score":"1-2","home":0.3036892987226978,"draw":0.29321627131337635,"away":0.4021724256615911},"HJK vs FC Lahti":{"score":"1-0","home":0.41273437131505725,"draw":0.3085645181514581,"away":0.2781351093574231},"IF Gnistan vs Inter Turku":{"score":"0-1","home":0.2337083695139684,"draw":0.27997444854326825,"away":0.48484941218599864},"Ilves vs AC Oulu":{"score":"1-2","home":0.3296596864449888,"draw":0.2884538405436239,"away":0.3808190081598106},"TPS vs HJK":{"score":"1-0","home":0.4335984179147334,"draw":0.30156710985948404,"away":0.26411000562972764},"KuPS vs SJK":{"score":"1-0","home":0.6098220900478384,"draw":0.2595864704595526,"away":0.1285858672478995},"Inter Turku vs FF Jaro":{"score":"1-0","home":0.5062690965732148,"draw":0.30408163523930687,"away":0.1889600877643927},"VPS vs IF Gnistan":{"score":"1-0","home":0.4118580394984385,"draw":0.3244922526182708,"away":0.263307215811597},"FC Lahti vs IFK Mariehamn":{"score":"1-0","home":0.5051433396650109,"draw":0.2875681343141719,"away":0.20614360483843222},"HJK vs Ilves":{"score":"1-0","home":0.4176313705449346,"draw":0.30229420440755456,"away":0.2793785568226313},"IFK Mariehamn vs KuPS":{"score":"0-1","home":0.2200739570289814,"draw":0.285628905401509,"away":0.4930721039383385},"SJK vs Inter Turku":{"score":"1-0","home":0.37464385014988616,"draw":0.30987687146352644,"away":0.3149587636996855},"AC Oulu vs TPS":{"score":"1-0","home":0.44340259032415014,"draw":0.29731704047349333,"away":0.2584438658603538},"IF Gnistan vs FF Jaro":{"score":"0-1","home":0.33614052327579574,"draw":0.30655174580009537,"away":0.3567315716504786},"FC Lahti vs VPS":{"score":"1-0","home":0.4466430952159502,"draw":0.3147894725485148,"away":0.2380800270269},"Ilves vs Inter Turku":{"score":"0-1","home":0.31099842954798607,"draw":0.3022973361532578,"away":0.3860294992372349},"KuPS vs FF Jaro":{"score":"1-0","home":0.5700570894550405,"draw":0.2872286227707343,"away":0.14171205558092356},"VPS vs HJK":{"score":"1-0","home":0.3548151117195327,"draw":0.32447386519722593,"away":0.320394246337168},"Inter Turku vs TPS":{"score":"1-0","home":0.47034364103072984,"draw":0.3021886906826979,"away":0.22673569382156078},"FF Jaro vs IFK Mariehamn":{"score":"1-0","home":0.4491332609767455,"draw":0.3062821052264682,"away":0.24394966731479573},"Ilves vs IF Gnistan":{"score":"1-0","home":0.4540238920681052,"draw":0.3002688516196884,"away":0.2449383344369302},"KuPS vs FC Lahti":{"score":"1-0","home":0.5525910940573376,"draw":0.2842920370889433,"away":0.16195135262478924},"SJK vs AC Oulu":{"score":"1-0","home":0.4163232978617615,"draw":0.2994063002736143,"away":0.2835077357018592},"HJK vs IFK Mariehamn":{"score":"1-0","home":0.5141871590564461,"draw":0.2841647220108026,"away":0.2003860609137492},"IF Gnistan vs SJK":{"score":"2-1","home":0.37907386103325513,"draw":0.2903273467764065,"away":0.32959715270589535},"KuPS vs Inter Turku":{"score":"1-0","home":0.4752770916613246,"draw":0.3065561824643691,"away":0.21752494858997543},"TPS vs VPS":{"score":"1-0","home":0.4789008633272453,"draw":0.3046996095522861,"away":0.21571956605845516},"FC Lahti vs Ilves":{"score":"1-0","home":0.4088333075925228,"draw":0.30338740656704644,"away":0.28711389722739755},"AC Oulu vs FF Jaro":{"score":"1-0","home":0.4699284442197966,"draw":0.3049164701463616,"away":0.22448206301981158},"Inter Turku vs AC Oulu":{"score":"1-0","home":0.43936179226558963,"draw":0.3013576680141182,"away":0.2585470089198481},"Ilves vs TPS":{"score":"1-0","home":0.3739059285806413,"draw":0.3006791896604418,"away":0.3247085206612007},"FF Jaro vs HJK":{"score":"1-0","home":0.35505292811231887,"draw":0.3176848399833085,"away":0.32686544132902295},"VPS vs KuPS":{"score":"0-1","home":0.21363371737226838,"draw":0.2991950576449803,"away":0.4863658147263023},"FC Lahti vs SJK":{"score":"1-0","home":0.4708469766891858,"draw":0.2946781126231542,"away":0.23355090405397505},"IFK Mariehamn vs IF Gnistan":{"score":"1-0","home":0.4250695082287062,"draw":0.31260635980577983,"away":0.2618176979732901},"HJK vs Inter Turku":{"score":"0-1","home":0.3290856270759678,"draw":0.3154407133808141,"away":0.35504606028487523},"Ilves vs FF Jaro":{"score":"1-0","home":0.4180687864809396,"draw":0.31065616515231004,"away":0.2707417397388866},"TPS vs KuPS":{"score":"0-1","home":0.28497628485462984,"draw":0.2920925993056702,"away":0.4219596324573487},"IF Gnistan vs FC Lahti":{"score":"1-2","home":0.30460168307808627,"draw":0.2885642982782931,"away":0.405756277313866},"SJK vs VPS":{"score":"1-0","home":0.48949175000710765,