{"generatedAt":"2026-04-08T20:20:09.543Z","settings":{"rho":-0.13,"marketTrust":50,"halfLife":60},"predictions":{"Inter Turku vs VPS":{"score":"1-0","home":0.5427207177988355,"draw":0.2730997763298036,"away":0.18247835809489085},"HJK vs SJK":{"score":"1-0","home":0.5084669856491372,"draw":0.2729323802494797,"away":0.21679240013277784},"Ilves vs KuPS":{"score":"1-2","home":0.30353166074883436,"draw":0.2850587574542745,"away":0.41019606075058496},"FF Jaro vs FC Lahti":{"score":"2-1","home":0.3605963317366522,"draw":0.29727647233585835,"away":0.341339080296183},"IFK Mariehamn vs TPS":{"score":"2-1","home":0.4044868756602278,"draw":0.2922165886045598,"away":0.3023420195104391},"IF Gnistan vs AC Oulu":{"score":"2-1","home":0.368129873683445,"draw":0.2791428969464259,"away":0.3512690940025471},"TPS vs FC Lahti":{"score":"1-2","home":0.3189151547679134,"draw":0.2730179631384589,"away":0.40806688209362774},"SJK vs IFK Mariehamn":{"score":"2-1","home":0.5471147766843495,"draw":0.24535949973787802,"away":0.2075257235777725},"VPS vs FF Jaro":{"score":"2-1","home":0.457242757334717,"draw":0.2661418581433904,"away":0.2766153845218926},"KuPS vs IF Gnistan":{"score":"2-0","home":0.6967538365792679,"draw":0.18633315725072622,"away":0.11691300617000591},"HJK vs AC Oulu":{"score":"2-1","home":0.5767681087969291,"draw":0.22355053058410315,"away":0.1996813606189678},"Inter Turku vs Ilves":{"score":"1-0","home":0.44625408239913433,"draw":0.28583306007698117,"away":0.2679128575238844},"IF Gnistan vs HJK":{"score":"1-2","home":0.35039890401548,"draw":0.2715144047881414,"away":0.37619533090611607},"FF Jaro vs KuPS":{"score":"1-2","home":0.24304277791612525,"draw":0.2696003802157684,"away":0.4853137660956048},"AC Oulu vs VPS":{"score":"2-1","home":0.4843150151782439,"draw":0.26908941276741033,"away":0.24451785050181954},"FC Lahti vs Inter Turku":{"score":"2-1","home":0.3897284866263851,"draw":0.2803919629504414,"away":0.3284750214443346},"TPS vs SJK":{"score":"2-1","home":0.47995522437558635,"draw":0.2705299979065217,"away":0.24752810523288676},"IFK Mariehamn vs Ilves":{"score":"2-1","home":0.37862353550734695,"draw":0.2793182428829213,"away":0.34060635055921246},"KuPS vs AC Oulu":{"score":"2-0","home":0.5914156955950102,"draw":0.23656897688610867,"away":0.16730328892440333},"TPS vs IF Gnistan":{"score":"2-1","home":0.49709629179745923,"draw":0.26202229335644955,"away":0.23829281286678167},"VPS vs Ilves":{"score":"1-2","home":0.35611816199189184,"draw":0.27686072880292334,"away":0.36544563182762235},"SJK vs FF Jaro":{"score":"2-1","home":0.43375324251436537,"draw":0.2729746281292283,"away":0.291443681515275},"FC Lahti vs AC Oulu":{"score":"2-1","home":0.4616093907307869,"draw":0.26712476831818743,"away":0.2690413960360118},"Inter Turku vs IFK Mariehamn":{"score":"2-1","home":0.5330730184613839,"draw":0.2623257608653839,"away":0.20215505070799958},"KuPS vs HJK":{"score":"2-1","home":0.5708144369361126,"draw":0.24439599781317212,"away":0.18084156160125062},"Inter Turku vs HJK":{"score":"2-1","home":0.48182137117709717,"draw":0.27013553338078,"away":0.24603223088411774},"SJK vs Ilves":{"score":"2-1","home":0.3722621740791345,"draw":0.2742876401492788,"away":0.3517297348046139},"FF Jaro vs TPS":{"score":"2-1","home":0.39959970943507606,"draw":0.2813882210798636,"away":0.3176484367021952},"IFK Mariehamn vs VPS":{"score":"2-1","home":0.4624923554721869,"draw":0.2761657334618999,"away":0.259682566707632},"AC Oulu vs KuPS":{"score":"1-2","home":0.28113734495435033,"draw":0.26659703070749574,"away":0.4500028453644108},"HJK vs FC Lahti":{"score":"2-1","home":0.44144466992321596,"draw":0.276450811342844,"away":0.280469038501543},"IF Gnistan vs Inter Turku":{"score":"1-2","home":0.31340415430666657,"draw":0.27186275588845044,"away":0.41284848982979017},"Ilves vs AC Oulu":{"score":"2-1","home":0.4663980292684667,"draw":0.26308265554978133,"away":0.2679825470908998},"TPS vs HJK":{"score":"2-1","home":0.41009929399529366,"draw":0.2756799729181324,"away":0.31256341231760115},"KuPS vs SJK":{"score":"2-0","home":0.6365032872432599,"draw":0.22442330387269815,"away":0.1335421142674645},"Inter Turku vs FF Jaro":{"score":"2-1","home":0.5375586946801678,"draw":0.26084360149793273,"away":0.19905547912563384},"VPS vs IF Gnistan":{"score":"2-1","home":0.44924388557765055,"draw":0.2682878708652565,"away":0.28032782965920217},"FC Lahti vs IFK Mariehamn":{"score":"2-1","home":0.4870465433482129,"draw":0.2688120433465086,"away":0.24204756025175797},"HJK vs Ilves":{"score":"2-1","home":0.44499483098779113,"draw":0.2706541453019361,"away":0.2823718227657754},"IFK Mariehamn vs KuPS":{"score":"1-2","home":0.2551684741762698,"draw":0.2687083134772875,"away":0.474013356515025},"SJK vs Inter Turku":{"score":"1-2","home":0.3344901129887125,"draw":0.2758002787917374,"away":0.38807066479081354},"AC Oulu vs TPS":{"score":"2-1","home":0.4396967635875314,"draw":0.2705633705140967,"away":0.2877570068650301},"IF Gnistan vs FF Jaro":{"score":"2-1","home":0.4106766430631651,"draw":0.2724959376012736,"away":0.3149835758267473},"FC Lahti vs VPS":{"score":"2-1","home":0.511300417131722,"draw":0.2668763555276914,"away":0.2196373791016174},"Ilves vs Inter Turku":{"score":"2-1","home":0.4015280731901401,"draw":0.27563691872644097,"away":0.3211804009538267},"KuPS vs FF Jaro":{"score":"2-0","home":0.6207018515640518,"draw":0.23132034578240032,"away":0.14313979303117194},"VPS vs HJK":{"score":"2-1","home":0.36110590667304865,"draw":0.2763506934624665,"away":0.36094050197457184},"Inter Turku vs TPS":{"score":"2-1","home":0.5091747553881161,"draw":0.2677281589065868,"away":0.2209648820289019},"FF Jaro vs IFK Mariehamn":{"score":"2-1","home":0.4248066860267532,"draw":0.2793682741433813,"away":0.2943492120535373},"Ilves vs IF Gnistan":{"score":"2-1","home":0.5292114291708974,"draw":0.25288029064738077,"away":0.21457171826250385},"KuPS vs FC Lahti":{"score":"2-0","home":0.5676659718671211,"draw":0.24975951072959615,"away":0.17922271818376648},"SJK vs AC Oulu":{"score":"2-1","home":0.40123910992685224,"draw":0.2690627535786114,"away":0.32763400210590143},"HJK vs IFK Mariehamn":{"score":"2-1","home":0.5004986440656658,"draw":0.2653869588165754,"away":0.2317975388469601},"IF Gnistan vs SJK":{"score":"2-1","home":0.4273498512970668,"draw":0.2711257771644695,"away":0.29958439041263213},"KuPS vs Inter Turku":{"score":"2-1","home":0.5337787110866122,"draw":0.25594300100059497,"away":0.20728057751594386},"TPS vs VPS":{"score":"2-1","home":0.4874323319933148,"draw":0.2720095992852247,"away":0.2386684305721833},"FC Lahti vs Ilves":{"score":"2-1","home":0.4287213771200545,"draw":0.2740844893064762,"away":0.29543440747293603},"AC Oulu vs FF Jaro":{"score":"2-1","home":0.4692504887443132,"draw":0.26624805319782396,"away":0.262214469837324},"Inter Turku vs AC Oulu":{"score":"2-1","home":0.510485850839666,"draw":0.2627115653716077,"away":0.22430293601953813},"Ilves vs TPS":{"score":"2-1","home":0.4726462496369299,"draw":0.26892474277173756,"away":0.2563333156994739},"FF Jaro vs HJK":{"score":"2-1","home":0.371883453008677,"draw":0.27899920472661915,"away":0.347651428376108},"VPS vs KuPS":{"score":"1-2","home":0.23526109251215388,"draw":0.26333787174336454,"away":0.49892339731940144},"FC Lahti vs SJK":{"score":"2-1","home":0.5053114275817796,"draw":0.26404243589817267,"away":0.22823774732764196},"IFK Mariehamn vs IF Gnistan":{"score":"2-1","home":0.4726245032685475,"draw":0.2661875105822051,"away":0.2588980207509459},"HJK vs Inter Turku":{"score":"2-1","home":0.40452692878074875,"draw":0.27698761737338606,"away":0.3169023672858146},"Ilves vs FF Jaro":{"score":"2-1","home":0.5005333013978364,"draw":0.26347472938053346,"away":0.23352852577196734},"TPS vs KuPS":{"score":"1-2","home":0.27667871194011634,"draw":0.2722574985638212,"away":0.4491842470223844},"IF Gnistan vs FC Lahti":{"score":"1-2","home":0.3504262944949312,"draw":0.27641266558331906,"away":0.3715606010755354},"SJK vs VPS":{"score":"2-1","home":0.45455719754032103,