{"generatedAt":"2026-04-10T20:50:10.804Z","settings":{"rho":-0.13,"marketTrust":50,"halfLife":60},"predictions":{"Inter Turku vs VPS":{"score":"1-0","home":0.5143324495147155,"draw":0.29995849476792324,"away":0.18493372007376718},"HJK vs SJK":{"score":"1-0","home":0.5076792980616298,"draw":0.2828437013958687,"away":0.2081529609231085},"Ilves vs KuPS":{"score":"0-1","home":0.2908150451403156,"draw":0.29647589013955755,"away":0.4118738689526051},"FF Jaro vs FC Lahti":{"score":"1-0","home":0.3677599999043729,"draw":0.31561723181781975,"away":0.316194476373116},"IFK Mariehamn vs TPS":{"score":"1-0","home":0.3519018900029568,"draw":0.3118482210178826,"away":0.33576816057908504},"IF Gnistan vs AC Oulu":{"score":"1-2","home":0.3328145507143817,"draw":0.28680356211731606,"away":0.3792541088181062},"TPS vs FC Lahti":{"score":"1-0","home":0.44313404925125527,"draw":0.301700173034874,"away":0.25443745883812185},"SJK vs IFK Mariehamn":{"score":"1-0","home":0.5466008057142248,"draw":0.2720070867174086,"away":0.17964747565924766},"VPS vs FF Jaro":{"score":"1-0","home":0.38377983896820267,"draw":0.327829295916336,"away":0.28809721004646605},"KuPS vs IF Gnistan":{"score":"2-0","home":0.681898616807712,"draw":0.19506205234821988,"away":0.12303933084406811},"HJK vs AC Oulu":{"score":"1-0","home":0.5632314307939369,"draw":0.23026530889304603,"away":0.20650326031301694},"Inter Turku vs Ilves":{"score":"1-0","home":0.44379649953871764,"draw":0.28955984282368263,"away":0.26664365763759973},"IF Gnistan vs HJK":{"score":"1-2","home":0.32546562335461354,"draw":0.2808558982975246,"away":0.39229442318652014},"FF Jaro vs KuPS":{"score":"0-1","home":0.22049468978729775,"draw":0.287375233430356,"away":0.4909693035689317},"AC Oulu vs VPS":{"score":"1-0","home":0.4851620293686185,"draw":0.29021221647825346,"away":0.22356204390488388},"FC Lahti vs Inter Turku":{"score":"0-1","home":0.33950402640791477,"draw":0.30298315778070173,"away":0.35686314375513156},"TPS vs SJK":{"score":"1-0","home":0.5025827068366653,"draw":0.2824178277671604,"away":0.2136520163195468},"IFK Mariehamn vs Ilves":{"score":"0-1","home":0.33679286995403535,"draw":0.2993297310195429,"away":0.3631415419145546},"KuPS vs AC Oulu":{"score":"2-0","home":0.5516808425636911,"draw":0.25650329807990635,"away":0.18898915144931178},"TPS vs IF Gnistan":{"score":"2-1","home":0.5260347816447287,"draw":0.2631419255891168,"away":0.2084102509037919},"VPS vs Ilves":{"score":"0-1","home":0.3402814800686377,"draw":0.3034517538480285,"away":0.35562742283579246},"SJK vs FF Jaro":{"score":"1-0","home":0.477337395185655,"draw":0.2924342406980718,"away":0.22923592767981282},"FC Lahti vs AC Oulu":{"score":"2-1","home":0.41288611439543904,"draw":0.2856187292908502,"away":0.30030195347284955},"Inter Turku vs IFK Mariehamn":{"score":"1-0","home":0.5645804595398296,"draw":0.26541014073004676,"away":0.16796621221166333},"KuPS vs HJK":{"score":"2-0","home":0.539964715902479,"draw":0.2626699286291783,"away":0.1949796651437691},"Inter Turku vs HJK":{"score":"1-0","home":0.4540490789830703,"draw":0.2889136534061293,"away":0.25593715980433085},"SJK vs Ilves":{"score":"2-1","home":0.4515756304994701,"draw":0.2798650879489282,"away":0.2670903327134542},"FF Jaro vs TPS":{"score":"1-0","home":0.35765487371872756,"draw":0.3026214400978924,"away":0.3390659406370223},"IFK Mariehamn vs VPS":{"score":"1-0","home":0.4236310266765902,"draw":0.30240377727685,"away":0.2732672132724226},"AC Oulu vs KuPS":{"score":"1-2","home":0.292023875994222,"draw":0.2793480942336305,"away":0.4271495686253219},"HJK vs FC Lahti":{"score":"1-0","home":0.46221423485187113,"draw":0.28590245460116004,"away":0.2506684841539919},"IF Gnistan vs Inter Turku":{"score":"1-2","home":0.30120025829609076,"draw":0.28363741040657925,"away":0.41388771713982486},"Ilves vs AC Oulu":{"score":"2-1","home":0.42497404202045735,"draw":0.2773789208998656,"away":0.29607103869545465},"TPS vs HJK":{"score":"2-1","home":0.42783135192886607,"draw":0.2842040934324456,"away":0.2867032034973467},"KuPS vs SJK":{"score":"2-0","home":0.6236563172694666,"draw":0.23699684090485168,"away":0.13542089700135157},"Inter Turku vs FF Jaro":{"score":"1-0","home":0.5082029498529893,"draw":0.29009199121753093,"away":0.20064911759560805},"VPS vs IF Gnistan":{"score":"1-0","home":0.43029257036801,"draw":0.2940267674494489,"away":0.2747617922685218},"FC Lahti vs IFK Mariehamn":{"score":"1-0","home":0.5114361470426059,"draw":0.2755907575603269,"away":0.211315914610273},"HJK vs Ilves":{"score":"2-1","home":0.4472179764097846,"draw":0.2821314903403768,"away":0.269287562370324},"IFK Mariehamn vs KuPS":{"score":"0-1","home":0.23868634775968947,"draw":0.281179909310896,"away":0.4787195297596268},"SJK vs Inter Turku":{"score":"2-1","home":0.40388107268396156,"draw":0.2902287371608914,"away":0.3048713992319913},"AC Oulu vs TPS":{"score":"2-1","home":0.4162041191185547,"draw":0.2855290952529207,"away":0.297067603922627},"IF Gnistan vs FF Jaro":{"score":"1-0","home":0.3898903174806308,"draw":0.2977369612897954,"away":0.31158580812744974},"FC Lahti vs VPS":{"score":"1-0","home":0.46849991868594604,"draw":0.2955273292510742,"away":0.2350736466206284},"Ilves vs Inter Turku":{"score":"2-1","home":0.38325399999315557,"draw":0.29018069810683733,"away":0.32555692358329263},"KuPS vs FF Jaro":{"score":"1-0","home":0.5892436284388284,"draw":0.26076631081481016,"away":0.14783809490516228},"VPS vs HJK":{"score":"0-1","home":0.3439096596196016,"draw":0.3022696899907203,"away":0.3531555431735015},"Inter Turku vs TPS":{"score":"1-0","home":0.4635332538704089,"draw":0.29231452261959945,"away":0.24315993117976428},"FF Jaro vs IFK Mariehamn":{"score":"1-0","home":0.45974861867423933,"draw":0.2911690301687949,"away":0.2480553139510413},"Ilves vs IF Gnistan":{"score":"2-1","home":0.5097486707076335,"draw":0.2664290630506651,"away":0.22160115785893603},"KuPS vs FC Lahti":{"score":"2-0","home":0.5679588893691443,"draw":0.259787620114088,"away":0.1698329197374221},"SJK vs AC Oulu":{"score":"2-1","home":0.4627841239658458,"draw":0.27809212857378945,"away":0.2575640959413002},"HJK vs IFK Mariehamn":{"score":"2-0","home":0.5577178621791852,"draw":0.2592263924354316,"away":0.1805093065895372},"IF Gnistan vs SJK":{"score":"2-1","home":0.41718459358217,"draw":0.28365483770420835,"away":0.2978842824653752},"KuPS vs Inter Turku":{"score":"1-0","home":0.5134615714197117,"draw":0.2723928781418553,"away":0.212316038682855},"TPS vs VPS":{"score":"1-0","home":0.49864801476771475,"draw":0.2866496541623525,"away":0.21351898789647883},"FC Lahti vs Ilves":{"score":"2-1","home":0.40066155107742774,"draw":0.2909912773410401,"away":0.30735590033697197},"AC Oulu vs FF Jaro":{"score":"1-0","home":0.45141443530400954,"draw":0.29116419737196153,"away":0.2563987393240622},"Inter Turku vs AC Oulu":{"score":"1-0","home":0.4739802707901518,"draw":0.2823384835147515,"away":0.24231789982973656},"Ilves vs TPS":{"score":"2-1","home":0.42601456839433727,"draw":0.2888248875310486,"away":0.2840768697111311},"FF Jaro vs HJK":{"score":"1-2","home":0.34827990185302665,"draw":0.2967322968049851,"away":0.3541857135494985},"VPS vs KuPS":{"score":"0-1","home":0.2305468199099473,"draw":0.28984746861666005,"away":0.4785295818526198},"FC Lahti vs SJK":{"score":"1-0","home":0.47284949195284803,"draw":0.28327901477927236,"away":0.24254831585632255},"IFK Mariehamn vs IF Gnistan":{"score":"2-1","home":0.44642140310276623,"draw":0.28214631214939856,"away":0.27007043980323064},"HJK vs Inter Turku":{"score":"2-1","home":0.40221362313322845,"draw":0.2913709501315124,"away":0.3054354886071481},"Ilves vs FF Jaro":{"score":"1-0","home":0.47319413368527663,"draw":0.2908452507642428,"away":0.23491830544324097},"TPS vs KuPS":{"score":"1-2","home":0.30826896341453375,"draw":0.2869594544186576,"away":0.4036365160220087},"IF Gnistan vs FC Lahti":{"score":"2-1","home":0.3590641930505522,"draw":0.28819991706088127,"away":0.35166453777037876},"SJK vs VPS":{"score":"1-0","home":0.5000948365084731,